Data,Pretul Barilului de Petrol (RON)
2015-08-24,161
2015-08-25,161
2015-08-26,162
2015-08-27,175
2015-08-28,188
2015-09-01,192
2015-09-02,188
2015-09-03,199
2015-09-04,193
2015-09-07,184
2015-09-08,194
2015-09-09,190
2015-09-10,189
2015-09-11,184
2015-09-14,179
2015-09-15,179
2015-09-16,194
2015-09-17,189
2015-09-18,183
2015-09-21,187
2015-09-22,185
2015-09-23,191
2015-09-24,185
2015-09-25,187
2015-09-28,182
2015-09-29,187
2015-09-30,186
2015-10-01,188
2015-10-02,184
2015-10-05,194
2015-10-06,202
2015-10-07,203
2015-10-08,204
2015-10-09,203
2015-10-12,197
2015-10-13,190
2015-10-14,187
2015-10-15,185
2015-10-16,190
2015-10-19,185
2015-10-20,183
2015-10-21,182
2015-10-22,182
2015-10-23,184
2015-10-26,187
2015-10-27,183
2015-10-28,191
2015-10-29,194
2015-10-30,193
2015-11-02,193
2015-11-03,194
2015-11-04,191
2015-11-05,193
2015-11-06,189
2015-11-09,188
2015-11-10,193
2015-11-11,186
2015-11-12,186
2015-11-13,173
2015-11-16,167
2015-11-17,172
2015-11-18,173
2015-11-19,175
2015-11-20,176
2015-11-23,183
2015-11-24,193
2015-11-25,194
2015-11-26,193
2015-11-26,193
2015-11-27,194
2015-11-28,191
2015-11-29,191
2015-11-30,191
2015-12-01,188
2015-12-02,188
2015-12-03,187
2015-12-04,176
2015-12-05,181
2015-12-06,181
2015-12-07,182
2015-12-08,179
2015-12-09,168
2015-12-10,167
2015-12-11,167
2015-12-12,163
2015-12-13,163
2015-12-14,163
2015-12-15,155
2015-12-16,156
2015-12-17,158
2015-12-18,157
2015-12-19,157
2015-12-20,154
2015-12-21,153
2015-12-22,151
2015-12-23,150
2015-12-24,150
2015-12-25,156
2015-12-26,156
2015-12-27,156
2015-12-28,156
2015-12-29,157
2015-12-30,152
2015-12-31,155
2016-01-01,152
2016-01-02,152
2016-01-03,152
2016-01-04,151
2016-01-05,159
2016-01-06,157
2016-01-07,153
2016-01-08,144
2016-01-09,144
2016-01-10,142
2016-01-11,141
2016-01-12,139
2016-01-13,132
2016-01-14,128
2016-01-15,126
2016-01-16,126
2016-01-17,126
2016-01-18,129
2016-01-19,120
2016-01-20,119
2016-01-21,119
2016-01-22,117
2016-01-23,124
2016-01-24,124
2016-01-25,124
2016-01-26,134
2016-01-27,125
2016-01-28,130
2016-01-29,136
2016-01-30,136
2016-01-31,136
2016-02-01,137
2016-02-02,136
2016-02-03,141
2016-02-04,131
2016-02-05,142
2016-02-06,138
2016-02-07,138
2016-02-08,138
2016-02-09,136
2016-02-10,132
2016-02-11,123
2016-02-12,122
2016-02-13,124
2016-02-14,124
2016-02-15,125
2016-02-16,131
2016-02-17,138
2016-02-18,130
2016-02-19,140
2016-02-20,136
2016-02-21,136
2016-02-22,137
2016-02-23,135
2016-02-24,141
2016-02-25,134
2016-02-26,139
2016-02-27,142
2016-02-28,142
2016-02-29,144
2016-03-01,144
2016-03-02,150
2016-03-03,150
2016-03-04,151
2016-03-05,151
2016-03-06,151
2016-03-07,151
2016-03-08,158
2016-03-09,166
2016-03-10,161
2016-03-11,164
2016-03-12,162
2016-03-13,162
2016-03-14,162
2016-03-15,162
2016-03-16,160
2016-03-17,155
2016-03-18,160
2016-03-19,164
2016-03-20,164
2016-03-21,164
2016-03-22,165
2016-03-23,165
2016-03-24,166
2016-03-25,166
2016-03-26,166
2016-03-28,161
2016-03-29,162
2016-03-30,158
2016-03-31,155
2016-04-01,153
2016-04-02,153
2016-04-03,153
2016-04-04,158
2016-04-05,152
2016-04-06,147
2016-04-07,150
2016-04-08,157
2016-04-09,156
2016-04-10,156
2016-04-11,156
2016-04-12,164
2016-04-13,169
2016-04-14,177
2016-04-15,175
2016-04-16,174
2016-04-17,174
2016-04-18,173
2016-04-19,165
2016-04-20,170
2016-04-21,173
2016-04-22,181
2016-04-23,178
2016-04-24,178
2016-04-25,178
2016-04-26,179
2016-04-27,177
2016-04-28,182
2016-04-29,185
2016-04-30,188
2016-05-01,188
2016-05-02,188
2016-05-03,183
2016-05-04,179
2016-05-05,178
2016-05-06,178
2016-05-07,178
2016-05-08,178
2016-05-09,178
2016-05-10,180
2016-05-11,171
2016-05-12,180
2016-05-13,188
2016-05-14,190
2016-05-15,190
2016-05-16,190
2016-05-17,189
2016-05-18,195
2016-05-19,198
2016-05-20,195
2016-05-21,196
2016-05-22,196
2016-05-23,197
2016-05-24,197
2016-05-25,195
2016-05-26,198
2016-05-27,201
2016-05-28,199
2016-05-29,199
2016-05-30,200
2016-05-31,200
2016-06-01,201
2016-06-02,200
2016-06-03,201
2016-06-04,203
2016-06-05,203
2016-06-06,199
2016-06-07,198
2016-06-08,200
2016-06-09,204
2016-06-10,211
2016-06-11,207
2016-06-12,207
2016-06-13,208
2016-06-14,203
2016-06-15,201
2016-06-16,199
2016-06-17,196
2016-06-18,191
2016-06-19,191
2016-06-20,191
2016-06-21,198
2016-06-22,202
2016-06-23,203
2016-06-24,204
2016-06-25,207
2016-06-26,207
2016-06-27,207
2016-06-28,198
2016-06-29,195
2016-06-30,198
2016-07-01,204
2016-07-02,204
2016-07-03,204
2016-07-04,203
2016-07-05,202
2016-07-06,205
2016-07-07,196
2016-07-08,200
2016-07-09,190
2016-07-10,190
2016-07-11,190
2016-07-12,188
2016-07-13,187
2016-07-14,194
2016-07-15,188
2016-07-16,189
2016-07-17,189
2016-07-18,190
2016-07-19,194
2016-07-20,191
2016-07-21,189
2016-07-22,191
2016-07-23,187
2016-07-24,187
2016-07-25,187
2016-07-26,187
2016-07-27,182
2016-07-28,179
2016-07-29,175
2016-07-30,171
2016-07-31,171
2016-08-01,170
2016-08-02,172
2016-08-03,168
2016-08-04,168
2016-08-05,168
2016-08-06,177
2016-08-07,177
2016-08-08,178
2016-08-09,178
2016-08-10,180
2016-08-11,180
2016-08-12,175
2016-08-13,185
2016-08-14,185
2016-08-15,185
2016-08-16,186
2016-08-17,191
2016-08-18,193
2016-08-19,196
2016-08-20,201
2016-08-21,201
2016-08-22,201
2016-08-23,200
2016-08-24,194
2016-08-25,196
2016-08-26,193
2016-08-27,196
2016-08-28,196
2016-08-29,198
2016-08-30,197
2016-08-31,197
2016-09-01,193
2016-09-02,187
2016-09-03,187
2016-09-04,183
2016-09-05,182
2016-09-06,186
2016-09-07,188
2016-09-08,186
2016-09-09,192
2016-09-10,196
2016-09-11,196
2016-09-12,197
2016-09-13,190
2016-09-14,191
2016-09-15,182
2016-09-16,184
2016-09-17,184
2016-09-18,184
2016-09-19,184
2016-09-20,183
2016-09-21,183
2016-09-22,184
2016-09-23,186
2016-09-24,188
2016-09-25,188
2016-09-26,188
2016-09-27,182
2016-09-28,187
2016-09-29,183
2016-09-30,195
2016-10-01,196
2016-10-02,196
2016-10-03,195
2016-10-04,200
2016-10-05,202
2016-10-06,205
2016-10-07,207
2016-10-08,213
2016-10-09,213
2016-10-10,213
2016-10-11,209
2016-10-12,217
2016-10-13,215
2016-10-14,211
2016-10-15,213
2016-10-16,213
2016-10-17,214
2016-10-18,213
2016-10-19,212
2016-10-20,214
2016-10-21,217
2016-10-22,213
2016-10-23,213
2016-10-24,213
2016-10-25,214
2016-10-26,212
2016-10-27,207
2016-10-28,206
2016-10-29,208
2016-10-30,208
2016-10-31,207
2016-11-01,202
2016-11-02,198
2016-11-03,194
2016-11-04,191
2016-11-05,188
2016-11-06,188
2016-11-07,189
2016-11-08,187
2016-11-09,188
2016-11-10,190
2016-11-11,192
2016-11-12,190
2016-11-13,190
2016-11-14,192
2016-11-15,186
2016-11-16,189
2016-11-17,197
2016-11-18,197
2016-11-19,196
2016-11-20,196
2016-11-21,195
2016-11-22,199
2016-11-23,209
2016-11-24,210
2016-11-25,209
2016-11-26,209
2016-11-27,209
2016-11-28,208
2016-11-29,208
2016-11-30,205
2016-12-01,198
2016-12-02,219
2016-12-03,219
2016-12-04,228
2016-12-05,228
2016-12-06,227
2016-12-07,229
2016-12-08,225
2016-12-09,225
2016-12-10,229
2016-12-11,229
2016-12-12,230
2016-12-13,237
2016-12-14,236
2016-12-15,238
2016-12-16,233
2016-12-17,234
2016-12-18,234
2016-12-19,234
2016-12-20,241
2016-12-21,239
2016-12-22,240
2016-12-23,237
2016-12-24,238
2016-12-25,238
2016-12-26,238
2016-12-27,238
2016-12-28,240
2016-12-29,243
2016-12-30,241
2016-12-31,241
2017-01-01,241
2017-01-02,245
2017-01-03,247
2017-01-04,247
2017-01-05,240
2017-01-06,240
2017-01-07,242
2017-01-08,242
2017-01-09,244
2017-01-10,242
2017-01-11,235
2017-01-12,227
2017-01-13,233
2017-01-14,236
2017-01-15,236
2017-01-16,238
2017-01-17,235
2017-01-18,235
2017-01-19,234
2017-01-20,230
2017-01-21,230
2017-01-22,230
2017-01-23,228
2017-01-24,232
2017-01-25,230
2017-01-26,236
2017-01-27,234
2017-01-30,232
2017-01-31,234
2017-02-01,238
2017-02-02,237
2017-02-03,239
2017-02-06,234
2017-02-07,232
2017-02-08,232
2017-02-09,234
2017-02-10,240
2017-02-13,235
2017-02-14,237
2017-02-15,238
2017-02-16,237
2017-02-17,237
2017-02-20,239
2017-02-21,243
2017-02-22,240
2017-02-23,242
2017-02-24,239
2017-02-25,239
2017-02-26,239
2017-02-27,238
2017-02-28,238
2017-03-01,238
2017-03-02,239
2017-03-03,237
2017-03-04,240
2017-03-05,240
2017-03-06,240
2017-03-07,240
2017-03-08,241
2017-03-09,229
2017-03-10,224
2017-03-11,220
2017-03-12,220
2017-03-13,219
2017-03-14,220
2017-03-15,218
2017-03-16,220
2017-03-17,219
2017-03-18,219
2017-03-19,219
2017-03-20,220
2017-03-21,218
2017-03-22,215
2017-03-23,214
2017-03-24,213
2017-03-25,214
2017-03-26,214
2017-03-27,213
2017-03-28,213
2017-03-29,217
2017-03-30,222
2017-03-31,226
2017-04-01,225
2017-04-02,225
2017-04-03,225
2017-04-04,225
2017-04-05,231
2017-04-06,231
2017-04-07,231
2017-04-08,235
2017-04-09,235
2017-04-10,236
2017-04-11,238
2017-04-12,240
2017-04-13,237
2017-04-14,238
2017-04-15,238
2017-04-16,238
2017-04-17,238
2017-04-18,235
2017-04-19,232
2017-04-20,223
2017-04-21,225
2017-04-22,221
2017-04-23,221
2017-04-24,217
2017-04-25,214
2017-04-26,217
2017-04-30,214
2017-05-01,214
2017-05-02,215
2017-05-03,210
2017-05-04,211
2017-05-05,201
2017-05-06,204
2017-05-07,204
2017-05-08,204
2017-05-09,206
2017-05-10,204
2017-05-11,210
2017-05-12,212
2017-05-13,213
2017-05-14,213
2017-05-15,211
2017-05-16,213
2017-05-17,212
2017-05-18,215
2017-05-19,215
2017-05-20,219
2017-05-21,219
2017-05-22,219
2017-05-23,218
2017-05-24,220
2017-05-25,219
2017-05-26,209
2017-05-27,212
2017-05-28,212
2017-05-29,213
2017-05-30,213
2017-05-31,212
2017-06-01,205
2017-06-02,205
2017-06-03,203
2017-06-04,203
2017-06-05,203
2017-06-06,201
2017-06-07,203
2017-06-08,195
2017-06-09,195
2017-06-10,196
2017-06-11,196
2017-06-12,196
2017-06-13,197
2017-06-14,199
2017-06-15,193
2017-06-16,192
2017-06-17,194
2017-06-18,194
2017-06-19,194
2017-06-20,193
2017-06-21,190
2017-06-22,184
2017-06-23,185
2017-06-24,186
2017-06-25,186
2017-06-26,186
2017-06-27,186
2017-06-28,187
2017-06-29,189
2017-06-30,189
2017-07-01,191
2017-07-02,191
2017-07-03,192
2017-07-04,193
2017-07-05,194
2017-07-06,193
2017-07-07,193
2017-07-08,188
2017-07-09,188
2017-07-10,187
2017-07-11,188
2017-07-12,190
2017-07-13,191
2017-07-14,194
2017-07-15,196
2017-07-16,196
2017-07-17,195
2017-07-18,191
2017-07-19,193
2017-07-20,197
2017-07-21,194
2017-07-22,189
2017-07-23,189
2017-07-24,188
2017-07-25,190
2017-07-26,197
2017-07-27,198
2017-07-28,200
2017-07-29,204
2017-07-30,204
2017-07-31,204
2017-08-01,203
2017-08-02,203
2017-08-03,202
2017-08-04,200
2017-08-05,201
2017-08-06,201
2017-08-07,203
2017-08-08,202
2017-08-09,203
2017-08-10,206
2017-08-11,202
2017-08-12,203
2017-08-13,203
2017-08-14,202
2017-08-15,197
2017-08-16,198
2017-08-17,197
2017-08-18,199
2017-08-19,206
2017-08-20,206
2017-08-21,206
2017-08-22,202
2017-08-23,202
2017-08-24,205
2017-08-25,202
2017-08-26,204
2017-08-27,204
2017-08-28,202
2017-08-29,198
2017-08-30,200
2017-08-31,197
2017-09-01,202
2017-09-02,202
2017-09-03,202
2017-09-04,202
2017-09-05,202
2017-09-06,206
2017-09-07,208
2017-09-08,208
2017-09-09,205
2017-09-10,205
2017-09-11,206
2017-09-12,207
2017-09-13,209
2017-09-14,213
2017-09-15,214
2017-09-16,214
2017-09-17,214
2017-09-18,214
2017-09-19,213
2017-09-20,211
2017-09-21,217
2017-09-22,216
2017-09-23,218
2017-09-24,218
2017-09-25,220
2017-09-26,230
2017-09-27,229
2017-09-28,226
2017-09-29,224
2017-09-30,224
2017-10-01,224
2017-10-02,225
2017-10-03,224
2017-10-04,218
2017-10-05,217
2017-10-06,223
2017-10-07,218
2017-10-08,218
2017-10-09,217
2017-10-10,216
2017-10-11,220
2017-10-12,221
2017-10-13,218
2017-10-14,222
2017-10-15,222
2017-10-16,222
2017-10-17,225
2017-10-18,226
2017-10-19,226
2017-10-20,223
2017-10-21,225
2017-10-22,225
2017-10-23,226
2017-10-24,224
2017-10-25,228
2017-10-26,228
2017-10-27,234
2017-10-28,239
2017-10-29,239
2017-10-30,239
2017-10-31,241
2017-11-01,242
2017-11-02,242
2017-11-03,239
2017-11-04,245
2017-11-05,245
2017-11-06,246
2017-11-07,255
2017-11-08,254
2017-11-09,253
2017-11-10,254
2017-11-11,253
2017-11-12,253
2017-11-13,254
2017-11-14,251
2017-11-15,243
2017-11-16,244
2017-11-17,241
2017-11-18,247
2017-11-19,247
2017-11-20,247
2017-11-21,247
2017-11-22,248
2017-11-23,249
2017-11-24,248
2017-11-25,250
2017-11-26,250
2017-11-27,248
2017-11-28,249
2017-11-29,249
2017-11-30,247
2017-12-01,249
2017-12-02,249
2017-12-03,249
2017-12-04,248
2017-12-05,244
2017-12-06,246
2017-12-07,241
2017-12-08,245
2017-12-09,250
2017-12-10,250
2017-12-11,249
2017-12-12,255
2017-12-13,250
2017-12-14,245
2017-12-15,249
2017-12-16,248
2017-12-17,248
2017-12-18,248
2017-12-19,248
2017-12-20,249
2017-12-21,252
2017-12-22,254
2017-12-23,255
2017-12-24,255
2017-12-25,255
2017-12-26,255
2017-12-27,262
2017-12-28,259
2017-12-29,260
2017-12-30,259
2018-01-02,259
2018-01-03,257
2018-01-04,261
2018-01-05,262
2018-01-06,260
2018-01-07,260
2018-01-08,261
2018-01-09,265
2018-01-10,266
2018-01-11,269
2018-01-12,265
2018-01-13,267
2018-01-14,267
2018-01-15,263
2018-01-16,267
2018-01-17,263
2018-01-18,264
2018-01-19,263
2018-01-20,261
2018-01-21,261
2018-01-22,261
2018-01-23,263
2018-01-24,267
2018-01-25,265
2018-01-26,264
2018-01-27,264
2018-01-28,264
2018-01-29,264
2018-01-30,260
2018-01-31,258
2018-02-01,259
2018-02-02,257
2018-02-03,256
2018-02-04,256
2018-02-05,255
2018-02-06,253
2018-02-07,252
2018-02-08,249
2018-02-09,246
2018-02-10,239
2018-02-11,239
2018-02-12,238
2018-02-13,236
2018-02-14,237
2018-02-15,240
2018-02-16,240
2018-02-17,242
2018-02-18,242
2018-02-19,243
2018-02-20,245
2018-02-21,247
2018-02-22,248
2018-02-23,251
2018-02-24,255
2018-02-25,255
2018-02-26,254
2018-02-27,255
2018-02-28,254
2018-03-01,251
2018-03-02,249
2018-03-03,244
2018-03-04,244
2018-03-05,244
2018-03-06,247
2018-03-07,246
2018-03-08,242
2018-03-09,241
2018-03-10,248
2018-03-11,248
2018-03-12,248
2018-03-13,245
2018-03-14,244
2018-03-15,245
2018-03-16,246
2018-03-17,250
2018-03-18,250
2018-03-19,251
2018-03-20,250
2018-03-21,256
2018-03-22,263
2018-03-23,261
2018-03-24,267
2018-03-25,267
2018-03-26,264
2018-03-27,263
2018-03-28,263
2018-03-29,263
2018-03-30,265
2018-03-31,265
2018-04-01,265
2018-04-02,265
2018-04-03,265
2018-04-04,258
2018-04-05,258
2018-04-06,259
2018-04-07,255
2018-04-08,255
2018-04-09,255
2018-04-10,260
2018-04-11,268
2018-04-12,272
2018-04-13,272
2018-04-14,274
2018-04-15,274
2018-04-16,273
2018-04-17,268
2018-04-18,269
2018-04-19,277
2018-04-20,280
2018-04-21,281
2018-04-22,281
2018-04-23,282
2018-04-24,285
2018-04-25,281
2018-04-26,282
2018-04-27,288
2018-04-28,288
2018-04-29,288
2018-04-30,287
2018-05-01,289
2018-05-02,292
2018-05-03,285
2018-05-04,287
2018-05-05,292
2018-05-06,292
2018-05-07,292
2018-05-08,298
2018-05-09,293
2018-05-10,302
2018-05-11,301
2018-05-12,300
2018-05-13,300
2018-05-14,298
2018-05-15,304
2018-05-16,308
2018-05-17,311
2018-05-18,312
2018-05-19,309
2018-05-20,309
2018-05-21,309
2018-05-22,310
2018-05-23,314
2018-05-24,315
2018-05-25,311
2018-05-26,302
2018-05-27,302
2018-05-28,302
2018-05-29,308
2018-05-30,301
2018-05-31,308
2018-06-01,308
2018-06-02,308
2018-06-03,308
2018-06-04,308
2018-06-05,299
2018-06-06,298
2018-06-07,297
2018-06-08,306
2018-06-09,303
2018-06-10,303
2018-06-11,302
2018-06-12,302
2018-06-13,301
2018-06-14,303
2018-06-15,305
2018-06-16,295
2018-06-17,295
2018-06-18,296
2018-06-19,305
2018-06-20,303
2018-06-21,303
2018-06-22,292
2018-06-23,302
2018-06-24,302
2018-06-25,303
2018-06-26,299
2018-06-27,305
2018-06-28,313
2018-06-29,312
2018-06-30,318
2018-07-01,318
2018-07-02,318
2018-07-03,317
2018-07-04,312
2018-07-05,310
2018-07-06,308
2018-07-07,307
2018-07-08,307
2018-07-09,305
2018-07-10,310
2018-07-11,314
2018-07-12,293
2018-07-13,298
2018-07-14,302
2018-07-15,302
2018-07-16,300
2018-07-17,285
2018-07-18,289
2018-07-19,293
2018-07-20,290
2018-07-21,292
2018-07-22,292
2018-07-23,291
2018-07-24,290
2018-07-25,290
2018-07-26,292
2018-07-27,297
2018-07-28,296
2018-07-29,296
2018-07-30,294
2018-07-31,296
2018-08-01,294
2018-08-02,296
2018-08-03,293
2018-08-04,292
2018-08-05,292
2018-08-06,293
2018-08-07,295
2018-08-08,299
2018-08-09,289
2018-08-10,293
2018-08-11,296
2018-08-12,296
2018-08-13,298
2018-08-14,297
2018-08-15,296
2018-08-16,290
2018-08-17,292
2018-08-18,294
2018-08-19,294
2018-08-20,293
2018-08-21,291
2018-08-22,291
2018-08-23,301
2018-08-24,300
2018-08-25,304
2018-08-26,304
2018-08-27,303
2018-08-28,303
2018-08-29,303
2018-08-30,306
2018-08-31,309
2018-09-01,308
2018-09-02,308
2018-09-03,309
2018-09-04,310
2018-09-05,310
2018-09-06,308
2018-09-07,305
2018-09-08,306
2018-09-09,306
2018-09-10,307
2018-09-11,309
2018-09-12,316
2018-09-13,318
2018-09-14,310
2018-09-15,310
2018-09-16,310
2018-09-17,311
2018-09-18,311
2018-09-19,314
2018-09-20,316
2018-09-21,311
2018-09-22,311
2018-09-23,311
2018-09-24,312
2018-09-25,322
2018-09-26,324
2018-09-27,324
2018-09-28,329
2018-09-29,333
2018-09-30,333
2018-10-01,332
2018-10-02,335
2018-10-03,342
2018-10-04,348
2018-10-05,344
2018-10-06,342
2018-10-07,342
2018-10-08,342
2018-10-09,342
2018-10-10,345
2018-10-11,336
2018-10-12,323
2018-10-13,323
2018-10-14,323
2018-10-15,324
2018-10-16,326
2018-10-17,329
2018-10-18,324
2018-10-19,323
2018-10-20,325
2018-10-21,325
2018-10-22,324
2018-10-23,325
2018-10-24,312
2018-10-25,311
2018-10-26,316
2018-10-27,319
2018-10-28,319
2018-10-29,317
2018-10-30,318
2018-10-31,312
2018-11-01,309
2018-11-02,308
2018-11-03,297
2018-11-04,297
2018-11-05,298
2018-11-06,299
2018-11-07,293
2018-11-08,294
2018-11-09,290
2018-11-10,288
2018-11-11,288
2018-11-12,290
2018-11-13,291
2018-11-14,271
2018-11-15,273
2018-11-16,274
2018-11-17,275
2018-11-18,275
2018-11-19,273
2018-11-20,272
2018-11-21,256
2018-11-22,259
2018-11-23,260
2018-11-24,241
2018-11-25,241
2018-11-26,241
2018-11-27,249
2018-11-28,248
2018-11-29,241
2018-11-30,244
2018-12-01,241
2018-12-02,241
2018-12-03,241
2018-12-04,239
2018-12-05,255
2018-12-06,253
2018-12-07,246
2018-12-08,252
2018-12-09,252
2018-12-10,251
2018-12-11,245
2018-12-12,248
2018-12-13,246
2018-12-14,253
2018-12-15,248
2018-12-16,248
2018-12-17,248
2018-12-18,243
2018-12-19,230
2018-12-20,232
2018-12-21,221
2018-12-22,219
2018-12-23,219
2018-12-24,219
2018-12-25,205
2018-12-26,205
2018-12-27,222
2018-12-28,212
2018-12-29,212
2018-12-30,212
2018-12-31,213
2019-01-01,213
2019-01-02,213
2019-01-03,225
2019-01-04,229
2019-01-05,233
2019-01-06,233
2019-01-07,233
2019-01-08,234
2019-01-09,240
2019-01-10,249
2019-01-11,250
2019-01-12,245
2019-01-13,245
2019-01-14,247
2019-01-15,242
2019-01-16,249
2019-01-17,252
2019-01-18,252
2019-01-19,258
2019-01-20,258
2019-01-21,259
2019-01-22,259
2019-01-23,258
2019-01-24,256
2019-01-25,257
2019-01-26,259
2019-01-27,259
2019-01-28,257
2019-01-29,250
2019-01-30,255
2019-01-31,254
2019-02-01,256
2019-02-02,256
2019-02-03,256
2019-02-04,257
2019-02-05,260
2019-02-06,258
2019-02-07,262
2019-02-08,258
2019-02-09,260
2019-02-10,260
2019-02-11,261
2019-02-12,258
2019-02-13,262
2019-02-14,268
2019-02-15,271
2019-02-16,278
2019-02-17,278
2019-02-18,277
2019-02-19,278
2019-02-20,279
2019-02-21,281
2019-02-22,282
2019-02-23,282
2019-02-24,282
2019-02-25,281
2019-02-26,271
2019-02-27,271
2019-02-28,276
2019-03-01,275
2019-03-02,275
2019-03-03,275
2019-03-04,276
2019-03-05,275
2019-03-06,277
2019-03-07,277
2019-03-08,280
2019-03-09,278
2019-03-10,278
2019-03-11,278
2019-03-12,281
2019-03-13,281
2019-03-14,285
2019-03-15,283
2019-03-16,282
2019-03-17,282
2019-03-18,281
2019-03-19,283
2019-03-20,284
2019-03-21,286
2019-03-22,285
2019-03-23,281
2019-03-24,281
2019-03-25,282
2019-03-26,282
2019-03-27,287
2019-03-28,287
2019-03-29,288
2019-03-30,290
2019-03-31,290
2019-04-01,290
2019-04-02,290
2019-04-03,293
2019-04-04,294
2019-04-05,294
2019-04-06,298
2019-04-07,298
2019-04-08,297
2019-04-09,300
2019-04-10,298
2019-04-11,303
2019-04-12,298
2019-04-13,301
2019-04-14,301
2019-04-15,301
2019-04-16,300
2019-04-17,302
2019-04-18,303
2019-04-19,305
2019-04-20,305
2019-04-21,305
2019-04-22,304
2019-04-23,313
2019-04-24,316
2019-04-25,319
2019-04-26,318
2019-04-27,308
2019-04-28,308
2019-04-29,308
2019-04-30,306
2019-05-01,309
2019-05-02,309
2019-05-03,302
2019-05-04,302
2019-05-05,302
2019-05-06,301
2019-05-07,303
2019-05-08,297
2019-05-09,299
2019-05-10,298
2019-05-11,299
2019-05-12,299
2019-05-13,299
2019-05-14,298
2019-05-15,303
2019-05-16,305
2019-05-17,310
2019-05-18,308
2019-05-19,308
2019-05-20,308
2019-05-21,307
2019-05-22,308
2019-05-23,304
2019-05-24,288
2019-05-25,292
2019-05-26,292
2019-05-27,292
2019-05-28,292
2019-05-29,299
2019-05-30,297
2019-05-31,285
2019-06-01,275
2019-06-02,275
2019-06-03,274
2019-06-04,271
2019-06-06,255
2019-06-07,258
2019-06-08,265
2019-06-09,265
2019-06-10,264
2019-06-11,260
2019-06-12,260
2019-06-13,251
2019-06-14,257
2019-06-15,260
2019-06-16,260
2019-06-17,260
2019-06-18,257
2019-06-19,262
2019-06-20,259
2019-06-21,269
2019-06-22,273
2019-06-23,273
2019-06-24,270
2019-06-25,269
2019-06-26,270
2019-06-27,276
2019-06-28,277
2019-06-29,277
2019-06-30,277
2019-07-01,278
2019-07-02,278
2019-07-03,262
2019-07-04,267
2019-07-05,268
2019-07-06,269
2019-07-07,269
2019-07-08,270
2019-07-09,270
2019-07-10,271
2019-07-11,281
2019-07-12,280
2019-07-13,280
2019-07-14,280
2019-07-15,280
2019-07-16,280
2019-07-17,272
2019-07-18,271
2019-07-19,271
2019-07-20,263
2019-07-21,263
2019-07-22,263
2019-07-23,267
2019-07-24,270
2019-07-25,268
2019-07-26,269
2019-07-27,269
2019-07-28,269
2019-07-29,270
2019-07-30,270
2019-07-31,275
2019-08-01,279
2019-08-02,278
2019-08-03,264
2019-08-04,264
2019-08-05,263
2019-08-06,253
2019-08-07,249
2019-08-08,237
2019-08-09,242
2019-08-10,247
2019-08-11,247
2019-08-12,247
2019-08-13,247
2019-08-14,259
2019-08-15,251
2019-08-16,248
2019-08-17,250
2019-08-18,250
2019-08-19,250
2019-08-20,255
2019-08-21,256
2019-08-22,257
2019-08-23,256
2019-08-24,253
2019-08-25,253
2019-08-26,252
2019-08-27,250
2019-08-28,254
2019-08-29,258
2019-08-30,262
2019-08-31,259
2019-09-01,259
2019-09-02,260
2019-09-03,261
2019-09-04,259
2019-09-05,260
2019-09-06,262
2019-09-07,264
2019-09-08,264
2019-09-09,264
2019-09-10,268
2019-09-11,268
2019-09-12,261
2019-09-13,258
2019-09-14,257
2019-09-15,257
2019-09-16,258
2019-09-17,297
2019-09-18,277
2019-09-19,273
2019-09-20,276
2019-09-21,276
2019-09-22,276
2019-09-23,278
2019-09-24,280
2019-09-25,272
2019-09-26,271
2019-09-27,273
2019-09-28,269
2019-09-29,269
2019-09-30,269
2019-10-01,265
2019-10-02,264
2019-10-03,250
2019-10-04,250
2019-10-05,252
2019-10-06,252
2019-10-07,253
2019-10-08,252
2019-10-09,252
2019-10-10,251
2019-10-11,255
2019-10-12,261
2019-10-13,261
2019-10-14,261
2019-10-15,256
2019-10-16,253
2019-10-17,254
2019-10-18,256
2019-10-19,254
2019-10-20,254
2019-10-21,253
2019-10-22,252
2019-10-23,256
2019-10-24,261
2019-10-25,264
2019-10-26,265
2019-10-27,265
2019-10-28,266
2019-10-29,264
2019-10-30,263
2019-10-31,258
2019-11-01,257
2019-11-02,257
2019-11-03,257
2019-11-04,256
2019-11-05,266
2019-11-06,270
2019-11-07,265
2019-11-08,269
2019-11-09,270
2019-11-10,270
2019-11-11,270
2019-11-12,269
2019-11-13,268
2019-11-14,270
2019-11-15,269
2019-11-16,274
2019-11-17,274
2019-11-18,273
2019-11-19,269
2019-11-20,263
2019-11-21,269
2019-11-22,276
2019-11-23,274
2019-11-24,274
2019-11-25,275
2019-11-26,276
2019-11-27,279
2019-11-28,278
2019-11-29,278
2019-11-30,271
2019-12-01,271
2019-12-02,271
2019-12-03,269
2019-12-04,262
2019-12-05,271
2019-12-06,273
2019-12-07,277
2019-12-08,277
2019-12-09,278
2019-12-10,277
2019-12-11,277
2019-12-12,274
2019-12-13,274
2019-12-14,279
2019-12-15,279
2019-12-16,280
2019-12-17,280
2019-12-18,284
2019-12-19,284
2019-12-20,286
2019-12-21,284
2019-12-22,284
2019-12-23,285
2019-12-24,287
2019-12-25,290
2019-12-26,290
2019-12-27,291
2019-12-28,292
2019-12-29,292
2019-12-30,291
2019-12-31,292
2020-01-01,291
2020-01-02,291
2020-01-03,284
2020-01-04,294
2020-01-05,294
2020-01-06,293
2020-01-07,295
2020-01-08,293
2020-01-09,281
2020-01-10,282
2020-01-11,280
2020-01-12,280
2020-01-13,279
2020-01-14,276
2020-01-15,277
2020-01-16,274
2020-01-17,278
2020-01-18,279
2020-01-19,279
2020-01-20,280
2020-01-21,279
2020-01-22,278
2020-01-23,272
2020-01-24,267
2020-01-25,262
2020-01-26,262
2020-01-27,263
2020-01-28,257
2020-01-29,258
2020-01-30,259
2020-01-31,252
2020-02-01,252
2020-02-02,252
2020-02-03,251
2020-02-04,252
2020-02-05,234
2020-02-06,239
2020-02-07,239
2020-02-08,237
2020-02-09,237
2020-02-10,237
2020-02-11,233
2020-02-12,236
2020-02-13,244
2020-02-14,248
2020-02-15,252
2020-02-16,252
2020-02-17,252
2020-02-18,253
2020-02-19,255
2020-02-20,262
2020-02-21,264
2020-02-22,260
2020-02-23,260
2020-02-24,260
2020-02-25,250
2020-02-26,243
2020-02-27,235
2020-02-28,228
2020-02-29,220
2020-03-01,220
2020-03-02,219
2020-03-03,218
2020-03-04,224
2020-03-05,220
2020-03-06,213
2020-03-07,193
2020-03-08,193
2020-03-09,191
2020-03-10,146
2020-03-11,158
2020-03-12,153
2020-03-13,143
2020-03-14,146
2020-03-15,146
2020-03-16,146
2020-03-17,132
2020-03-18,126
2020-03-19,112
2020-03-20,129
2020-03-21,122
2020-03-22,122
2020-03-23,122
2020-03-24,121
2020-03-25,121
2020-03-26,121
2020-03-27,116
2020-03-28,109
2020-03-29,109
2020-03-30,109
2020-03-31,100
2020-04-01,100
2020-04-02,101
2020-04-03,134
2020-04-04,152
2020-04-05,152
2020-04-06,152
2020-04-07,147
2020-04-08,142
2020-04-09,146
2020-04-10,139
2020-04-11,139
2020-04-12,139
2020-04-13,139
2020-04-14,140
2020-04-15,131
2020-04-16,123
2020-04-17,124
2020-04-18,125
2020-04-19,125
2020-04-20,125
2020-04-21,114
2020-04-22,86
2020-04-23,92
2020-04-24,96
2020-04-25,96
2020-04-26,96
2020-04-27,96
2020-04-28,89
2020-04-29,91
2020-04-30,100
2020-05-01,113
2020-05-02,113
2020-05-03,113
2020-05-04,112
2020-05-05,121
2020-05-06,138
2020-05-07,133
2020-05-08,131
2020-05-09,138
2020-05-10,138
2020-05-11,138
2020-05-12,132
2020-05-13,134
2020-05-14,131
2020-05-15,139
2020-05-16,145
2020-05-17,145
2020-05-18,146
2020-05-19,154
2020-05-20,153
2020-05-21,158
2020-05-22,160
2020-05-23,156
2020-05-24,156
2020-05-25,156
2020-05-26,155
2020-05-27,159
2020-05-28,153
2020-05-29,154
2020-05-30,154
2020-05-31,154
2020-06-01,154
2020-06-02,153
2020-06-03,171
2020-06-04,172
2020-06-05,171
2020-06-06,181
2020-06-07,181
2020-06-08,181
2020-06-09,175
2020-06-10,175
2020-06-11,177
2020-06-12,165
2020-06-13,165
2020-06-14,165
2020-06-15,166
2020-06-16,170
2020-06-17,176
2020-06-18,175
2020-06-19,179
2020-06-20,182
2020-06-21,182
2020-06-22,182
2020-06-23,185
2020-06-24,183
2020-06-25,174
2020-06-26,177
2020-06-27,177
2020-06-28,177
2020-06-29,176
2020-06-30,180
2020-07-01,177
2020-07-02,176
2020-07-03,186
2020-07-04,186
2020-07-05,186
2020-07-06,185
2020-07-07,185
2020-07-08,185
2020-07-09,185
2020-07-10,182
2020-07-11,185
2020-07-12,185
2020-07-13,185
2020-07-14,182
2020-07-15,182
2020-07-16,186
2020-07-17,184
2020-07-18,183
2020-07-19,183
2020-07-20,182
2020-07-21,183
2020-07-22,186
2020-07-23,185
2020-07-24,180
2020-07-25,181
2020-07-26,181
2020-07-27,179
2020-07-28,179
2020-07-29,178
2020-07-30,180
2020-07-31,175
2020-08-01,177
2020-08-02,177
2020-08-03,178
2020-08-04,177
2020-08-05,181
2020-08-06,184
2020-08-07,185
2020-08-08,182
2020-08-09,182
2020-08-10,183
2020-08-11,185
2020-08-12,183
2020-08-13,186
2020-08-14,184
2020-08-15,184
2020-08-16,184
2020-08-17,183
2020-08-18,184
2020-08-19,184
2020-08-20,185
2020-08-21,184
2020-08-22,182
2020-08-23,182
2020-08-24,181
2020-08-25,185
2020-08-26,188
2020-08-27,187
2020-08-28,183
2020-08-29,183
2020-08-30,183
2020-08-31,183
2020-09-01,182
2020-09-02,186
2020-09-03,182
2020-09-04,180
2020-09-05,175
2020-09-06,175
2020-09-07,175
2020-09-08,175
2020-09-09,164
2020-09-10,167
2020-09-11,164
2020-09-12,163
2020-09-13,163
2020-09-14,163
2020-09-15,162
2020-09-16,166
2020-09-17,174
2020-09-18,177
2020-09-19,177
2020-09-20,177
2020-09-21,178
2020-09-23,173
2020-09-25,176
2020-09-26,176
2020-09-28,175
2020-09-30,171
2020-10-01,170
2020-10-02,170
2020-10-03,163
2020-10-04,163
2020-10-05,163
2020-10-06,171
2020-10-07,177
2020-10-08,174
2020-10-09,179
2020-10-10,177
2020-10-11,177
2020-10-12,177
2020-10-13,177
2020-10-14,176
2020-10-15,180
2020-10-16,180
2020-10-17,179
2020-10-18,179
2020-10-19,178
2020-10-20,176
2020-10-21,178
2020-10-22,172
2020-10-23,175
2020-10-24,172
2020-10-25,172
2020-10-26,172
2020-10-27,167
2020-10-28,171
2020-10-29,163
2020-10-30,157
2020-10-31,156
2020-11-01,156
2020-11-02,157
2020-11-03,156
2020-11-04,165
2020-11-05,170
2020-11-06,168
2020-11-07,162
2020-11-08,162
2020-11-09,162
2020-11-10,175
2020-11-11,180
2020-11-12,181
2020-11-13,179
2020-11-14,176
2020-11-15,176
2020-11-16,176
2020-11-17,180
2020-11-18,180
2020-11-19,183
2020-11-20,182
2020-11-21,185
2020-11-22,185
2020-11-23,184
2020-11-24,189
2020-11-25,196
2020-11-26,199
2020-11-27,199
2020-11-28,197
2020-11-29,197
2020-11-30,197
2020-12-01,195
2020-12-02,193
2020-12-03,194
2020-12-04,195
2020-12-05,197
2020-12-06,197
2020-12-07,198
2020-12-08,196
2020-12-09,196
2020-12-10,197
2020-12-11,202
2020-12-12,201
2020-12-13,201
2020-12-14,200
2020-12-15,201
2020-12-16,202
2020-12-17,203
2020-12-18,205
2020-12-19,208
2020-12-20,208
2020-12-21,209
2020-12-22,202
2020-12-23,199
2020-12-24,205
2020-12-25,205
2020-12-26,205
2020-12-27,205
2020-12-28,205
2020-12-29,202
2020-12-30,203
2020-12-31,204
2021-01-01,205
2021-01-02,205
2021-01-03,205
2021-01-04,205
2021-01-05,203
2021-01-06,212
2021-01-07,216
2021-01-08,216
2021-01-09,223
2021-01-10,223
2021-01-11,224
2021-01-12,223
2021-01-13,226
2021-01-14,225
2021-01-15,227
2021-01-16,221
2021-01-17,221
2021-01-18,223
2021-01-19,221
2021-01-20,225
2021-01-21,225
2021-01-22,225
2021-01-23,222
2021-01-24,222
2021-01-25,222
2021-01-26,225
2021-01-27,225
2021-01-28,225
2021-01-29,223
2021-01-30,225
2021-01-31,225
2021-02-01,225
2021-02-02,226
2021-02-03,233
2021-02-04,238
2021-02-05,239
2021-02-06,242
2021-02-07,242
2021-02-09,244
2021-02-10,246
2021-02-11,247
2021-02-12,246
2021-02-13,251
2021-02-14,251
2021-02-15,251
2021-02-16,250
2021-02-17,256
2021-02-18,260
2021-02-19,257
2021-02-20,253
2021-02-21,253
2021-02-22,253
2021-02-23,262
2021-02-24,262
2021-02-25,267
2021-02-26,269
2021-02-27,266
2021-02-28,266
2021-03-01,268
2021-03-02,267
2021-03-03,253
2021-03-04,260
2021-03-05,273
2021-03-06,284
2021-03-07,284
2021-03-08,285
2021-03-09,280
2021-03-10,277
2021-03-11,277
2021-03-12,285
2021-03-13,284
2021-03-14,284
2021-03-15,283
2021-03-16,282
2021-03-17,281
2021-03-18,278
2021-03-19,260
2021-03-20,265
2021-03-21,265
2021-03-22,265
2021-03-23,265
2021-03-24,251
2021-03-25,266
2021-03-26,257
2021-03-27,268
2021-03-28,268
2021-03-29,268
2021-03-30,272
2021-03-31,269
2021-04-01,266
2021-04-02,265
2021-04-03,265
2021-04-04,265
2021-04-05,266
2021-04-06,259
2021-04-07,260
2021-04-08,262
2021-04-09,262
2021-04-10,261
2021-04-11,261
2021-04-12,260
2021-04-13,262
2021-04-14,262
2021-04-15,274
2021-04-16,275
2021-04-17,275
2021-04-18,275
2021-04-19,273
2021-04-20,274
2021-04-21,273
2021-04-22,267
2021-04-23,267
2021-04-24,270
2021-04-25,270
2021-04-26,269
2021-04-27,268
2021-04-28,271
2021-04-29,273
2021-04-30,278
2021-05-01,273
2021-05-02,273
2021-05-03,273
2021-05-04,276
2021-05-05,283
2021-05-06,282
2021-05-07,278
2021-05-08,279
2021-05-09,279
2021-05-10,276
2021-05-11,277
2021-05-12,278
2021-05-13,283
2021-05-14,273
2021-05-15,280
2021-05-16,280
2021-05-17,278
2021-05-18,280
2021-05-19,277
2021-05-20,269
2021-05-21,262
2021-05-22,262
2021-05-23,262
2021-05-24,263
2021-05-25,275
2021-05-26,276
2021-05-27,278
2021-05-28,280
2021-05-29,281
2021-05-30,281
2021-05-31,281
2021-06-01,281
2021-06-02,281
2021-06-03,288
2021-06-04,290
2021-06-05,292
2021-06-06,292
2021-06-07,291
2021-06-08,289
2021-06-09,292
2021-06-10,292
2021-06-11,293
2021-06-12,294
2021-06-13,294
2021-06-14,295
2021-06-15,296
2021-06-16,301
2021-06-17,307
2021-06-18,302
2021-06-19,304
2021-06-20,304
2021-06-21,304
2021-06-22,310
2021-06-23,309
2021-06-25,312
2021-06-26,314
2021-06-27,314
2021-06-28,314
2021-06-29,309
2021-06-30,310
2021-07-01,312
2021-07-02,313
2021-07-03,317
2021-07-04,317
2021-07-05,316
2021-07-06,317
2021-07-07,310
2021-07-09,308
2021-07-10,314
2021-07-11,314
2021-07-12,314
2021-07-13,313
2021-07-14,320
2021-07-16,306
2021-07-17,307
2021-07-18,307
2021-07-19,308
2021-07-20,286
2021-07-21,290
2021-07-22,301
2021-07-23,309
2021-07-24,310
2021-07-25,310
2021-07-26,309
2021-07-27,311
2021-07-28,310
2021-07-29,310
2021-07-30,314
2021-07-31,316
2021-08-01,316
2021-08-02,316
2021-08-03,316
2021-08-04,300
2021-08-05,292
2021-08-06,297
2021-08-07,294
2021-08-08,294
2021-08-09,295
2021-08-10,289
2021-08-11,296
2021-08-12,299
2021-08-13,298
2021-08-14,295
2021-08-15,295
2021-08-16,294
2021-08-17,291
2021-08-18,290
2021-08-19,288
2021-08-20,281
2021-08-21,275
2021-08-22,275
2021-08-23,274
2021-08-24,289
2021-08-25,298
2021-08-26,303
2021-08-27,298
2021-08-28,305
2021-08-29,305
2021-08-30,304
2021-08-31,306
2021-09-01,305
2021-09-02,304
2021-09-03,304
2021-09-04,302
2021-09-05,302
2021-09-06,303
2021-09-07,303
2021-09-08,300
2021-09-09,304
2021-09-10,298
2021-09-11,304
2021-09-12,304
2021-09-15,308
2021-09-16,317
2021-09-17,318
2021-09-18,316
2021-09-19,316
2021-09-20,319
2021-09-21,312
2021-09-22,314
2021-09-23,322
2021-09-24,326
2021-09-25,329
2021-09-26,329
2021-09-27,330
2021-09-28,337
2021-09-29,336
2021-09-30,335
2021-10-01,336
2021-10-02,335
2021-10-03,335
2021-10-04,334
2021-10-05,347
2021-10-06,354
2021-10-07,347
2021-10-08,350
2021-10-09,352
2021-10-10,352
2021-10-11,352
2021-10-12,358
2021-10-13,357
2021-10-14,355
2021-10-15,358
2021-10-16,362
2021-10-17,362
2021-10-18,363
2021-10-19,358
2021-10-20,362
2021-10-21,365
2021-10-22,360
2021-10-23,364
2021-10-24,364
2021-10-25,364
2021-10-26,366
2021-10-27,369
2021-10-28,361
2021-10-29,358
2021-10-30,358
2021-10-31,358
2021-11-01,361
2021-11-02,360
2021-11-03,362
2021-11-04,351
2021-11-05,346
2021-11-06,355
2021-11-07,355
2021-11-08,354
2021-11-09,356
2021-11-10,363
2021-11-11,357
2021-11-12,358
2021-11-13,355
2021-11-14,355
2021-11-15,355
2021-11-16,357
2021-11-17,361
2021-11-18,350
2021-11-19,356
2021-11-20,345
2021-11-21,345
2021-11-22,346
2021-11-23,350
2021-11-24,363
2021-11-25,363
2021-11-26,361
2021-11-27,319
2021-11-28,319
2021-11-29,319
2021-11-30,322
2021-12-01,309
2021-12-02,308
2021-12-03,305
2021-12-04,306
2021-12-05,306
2021-12-06,306
2021-12-07,321
2021-12-08,331
2021-12-09,332
2021-12-10,327
2021-12-11,330
2021-12-12,330
2021-12-13,330
2021-12-14,325
2021-12-15,324
2021-12-16,324
2021-12-17,328
2021-12-18,321
2021-12-19,321
2021-12-20,323
2021-12-21,313
2021-12-22,324
2021-12-23,329
2021-12-24,335
2021-12-25,335
2021-12-26,335
2021-12-27,336
2021-12-28,343
2021-12-29,346
2021-12-30,347
2021-12-31,347
2022-01-01,346
2022-01-02,346
2022-01-03,345
2022-01-04,346
2022-01-05,350
2022-01-06,353
2022-01-07,358
2022-01-08,357
2022-01-09,357
2022-01-10,357
2022-01-11,353
2022-01-12,365
2022-01-13,365
2022-01-14,364
2022-01-15,371
2022-01-16,381
2022-01-17,383
2022-01-18,383
2022-01-19,385
2022-01-20,385
2022-01-21,385
2022-01-22,383
2022-01-23,383
2022-01-24,383
2022-01-25,378
2022-01-26,387
2022-01-27,397
2022-01-28,397
2022-01-29,400
2022-01-30,400
2022-01-31,399
2022-02-01,401
2022-02-02,399
2022-02-03,392
2022-02-04,393
2022-02-05,402
2022-02-06,402
2022-02-07,404
2022-02-08,401
2022-02-09,392
2022-02-10,396
2022-02-11,397
2022-02-12,410
2022-02-13,410
2022-02-14,413
2022-02-15,420
2022-02-16,405
2022-02-17,412
2022-02-18,405
2022-02-19,407
2022-02-20,407
2022-02-21,407
2022-02-22,408
2022-02-23,422
2022-02-24,422
2022-02-25,439
2022-02-26,434
2022-02-27,434
2022-02-28,433
2022-03-01,447
2022-03-02,450
2022-03-03,504
2022-03-04,497
2022-03-05,531
2022-03-06,531
2022-03-07,540
2022-03-08,561
2022-03-09,577
2022-03-10,499
2022-03-11,493
2022-03-12,508
2022-03-13,508
2022-03-14,509
2022-03-15,481
2022-03-16,450
2022-03-17,439
2022-03-18,478
2022-03-19,484
2022-03-20,484
2022-03-21,483
2022-03-22,520
2022-03-23,519
2022-03-24,548
2022-03-25,535
2022-03-26,542
2022-03-27,542
2022-03-28,544
2022-03-29,504
2022-03-30,489
2022-03-31,505
2022-04-01,483
2022-04-02,482
2022-04-03,482
2022-04-04,483
2022-04-05,484
2022-04-06,483
2022-04-07,459
2022-04-08,457
2022-04-09,467
2022-04-10,467
2022-04-11,465
2022-04-12,448
2022-04-13,477
2022-04-14,493
2022-04-15,511
2022-04-16,511
2022-04-17,511
2022-04-18,511
2022-04-19,518
2022-04-20,488
2022-04-21,484
2022-04-22,491
2022-04-23,483
2022-04-24,483
2022-04-25,483
2022-04-26,473
2022-04-27,489
2022-04-28,495
2022-04-29,503
2022-04-30,511
2022-05-01,511
2022-05-02,514
2022-05-03,515
2022-05-04,494
2022-05-05,514
2022-05-06,519
2022-05-07,526
2022-05-08,526
2022-05-09,528
2022-05-10,496
2022-05-11,480
2022-05-12,510
2022-05-13,512
2022-05-14,531
2022-05-15,531
2022-05-16,530
2022-05-17,540
2022-05-18,526
2022-05-19,514
2022-05-20,524
2022-05-21,526
2022-05-22,526
2022-05-23,521
2022-05-24,524
2022-05-25,526
2022-05-26,527
2022-05-27,541
2022-05-28,551
2022-05-29,551
2022-05-30,548
2022-05-31,550
2022-06-01,566
2022-06-02,567
2022-06-03,541
2022-06-04,551
2022-06-05,551
2022-06-06,551
2022-06-07,553
2022-06-08,557
2022-06-09,570
2022-06-10,574
2022-06-11,569
2022-06-12,569
2022-06-13,569
2022-06-14,579
2022-06-15,571
2022-06-16,562
2022-06-17,564
2022-06-18,532
2022-06-19,532
2022-06-20,531
2022-06-21,529
2022-06-22,539
2022-06-23,526
2022-06-24,516
2022-06-25,531
2022-06-26,531
2022-06-27,529
2022-06-28,538
2022-06-29,555
2022-06-30,551
2022-07-01,543
2022-07-02,543
2022-07-03,543
2022-07-04,544
2022-07-05,552
2022-07-06,497
2022-07-07,488
2022-07-08,511
2022-07-09,523
2022-07-10,523
2022-07-11,524
2022-07-12,529
2022-07-13,490
2022-07-14,488
2022-07-15,498
2022-07-16,498
2022-07-17,498
2022-07-18,492
2022-07-19,512
2022-07-20,518
2022-07-21,519
2022-07-22,504
2022-07-23,501
2022-07-24,501
2022-07-25,497
2022-07-28,517
2022-07-29,519
2022-07-30,533
2022-07-31,533
2022-08-01,528
2022-08-02,529
2022-08-03,486
2022-08-04,468
2022-08-05,453
2022-08-06,457
2022-08-07,457
2022-08-08,459
2022-08-09,463
2022-08-10,463
2022-08-11,463
2022-08-12,473
2022-08-13,466
2022-08-14,466
2022-08-15,466
2022-08-16,458
2022-08-17,443
2022-08-18,450
2022-08-19,468
2022-08-20,469
2022-08-21,469
2022-08-22,472
2022-08-23,475
2022-08-24,492
2022-08-25,493
2022-08-26,484
2022-08-27,492
2022-08-28,492
2022-08-29,494
2022-08-30,510
2022-08-31,484
2022-09-01,467
2022-09-02,467
2022-09-03,450
2022-09-04,450
2022-09-05,452
2022-09-06,451
2022-09-07,455
2022-09-08,429
2022-09-09,433
2022-09-10,451
2022-09-11,451
2022-09-12,448
2022-09-13,455
2022-09-14,459
2022-09-15,464
2022-09-16,449
2022-09-17,451
2022-09-18,451
2022-09-19,451
2022-09-20,454
2022-09-21,447
2022-09-22,447
2022-09-23,458
2022-09-24,437
2022-09-25,437
2022-09-26,441
2022-09-27,432
2022-09-28,447
2022-09-29,456
2022-09-30,447
2022-10-01,444
2022-10-02,444
2022-10-03,446
2022-10-04,441
2022-10-05,457
2022-10-06,466
2022-10-07,476
2022-10-08,494
2022-10-09,494
2022-10-10,498
2022-10-11,490
2022-10-12,480
2022-10-13,469
2022-10-14,480
2022-10-15,465
2022-10-16,465
2022-10-17,464
2022-10-18,460
2022-10-19,452
2022-10-20,465
2022-10-21,466
2022-10-22,472
2022-10-23,472
2022-10-24,468
2022-10-25,463
2022-10-26,455
2022-10-27,466
2022-10-28,478
2022-10-29,473
2022-10-30,473
2022-10-31,474
2022-11-01,469
2022-11-02,470
2022-11-03,484
2022-11-04,473
2022-11-05,492
2022-11-06,492
2022-11-07,483
2022-11-08,479
2022-11-09,466
2022-11-10,456
2022-11-11,446
2022-11-12,457
2022-11-13,457
2022-11-14,457
2022-11-15,438
2022-11-16,443
2022-11-17,438
2022-11-18,428
2022-11-19,417
2022-11-20,417
2022-11-21,423
2022-11-22,419
2022-11-23,423
2022-11-24,405
2022-11-25,404
2022-11-26,395
2022-11-27,395
2022-11-28,393
2022-11-29,394
2022-11-30,393
2022-12-01,405
2022-12-02,400
2022-12-03,401
2022-12-04,401
2022-12-05,400
2022-12-06,387
2022-12-07,372
2022-12-08,362
2022-12-09,355
2022-12-10,355
2022-12-11,355
2022-12-12,355
2022-12-13,365
2022-12-14,378
2022-12-15,383
2022-12-16,376
2022-12-17,366
2022-12-18,366
2022-12-19,366
2022-12-20,369
2022-12-21,369
2022-12-22,379
2022-12-23,374
2022-12-24,388
2022-12-25,388
2022-12-26,388
2022-12-27,388
2022-12-28,392
2022-12-29,387
2022-12-30,381
2022-12-31,382
2023-01-01,382
2023-01-02,382
2023-01-03,385
2023-01-04,381
2023-01-05,361
2023-01-06,369
2023-01-07,368
2023-01-08,368
2023-01-09,368
2023-01-10,365
2023-01-11,368
2023-01-12,379
2023-01-13,383
2023-01-14,389
2023-01-15,389
2023-01-16,389
2023-01-17,389
2023-01-18,391
2023-01-19,387
2023-01-20,392
2023-01-21,398
2023-01-22,398
2023-01-23,395
2023-01-24,398
2023-01-25,388
2023-01-26,386
2023-01-27,393
2023-01-28,389
2023-01-29,389
2023-01-30,389
2023-01-31,386
2023-02-01,381
2023-02-02,377
2023-02-03,368
2023-02-04,358
2023-02-05,358
2023-02-06,364
2023-02-07,371
2023-02-08,381
2023-02-09,386
2023-02-10,387
2023-02-11,396
2023-02-12,396
2023-02-13,397
2023-02-14,395
2023-02-15,391
2023-02-16,391
2023-02-17,392
2023-02-19,382
2023-02-21,383
2023-02-22,385
2023-02-23,373
2023-02-24,382
2023-02-25,386
2023-02-26,386
2023-02-27,387
2023-02-28,382
2023-03-01,388
2023-03-02,389
2023-03-03,393
2023-03-04,398
2023-03-05,398
2023-03-06,397
2023-03-08,388
2023-03-09,385
2023-03-11,384
2023-03-14,371
2023-03-15,358
2023-03-16,342
2023-03-17,346
2023-03-18,338
2023-03-19,338
2023-03-20,336
2023-03-21,338
2023-03-22,344
2023-03-23,347
2023-03-25,344
2023-03-26,344
2023-03-27,344
2023-03-28,357
2023-03-29,359
2023-03-30,357
2023-03-31,360
2023-04-01,363
2023-04-02,363
2023-04-03,363
2023-04-04,360
2023-04-05,382
2023-04-06,385
2023-04-07,385
2023-04-08,361
2023-04-09,361
2023-04-10,361
2023-04-11,381
2023-04-12,387
2023-04-13,392
2023-04-14,386
2023-04-15,387
2023-04-16,387
2023-04-17,387
2023-04-18,381
2023-04-19,383
2023-04-20,374
2023-04-21,366
2023-04-22,368
2023-04-23,368
2023-04-24,365
2023-04-25,370
2023-04-26,361
2023-04-27,348
2023-04-28,352
2023-04-29,357
2023-04-30,357
2023-05-01,357
2023-05-02,358
2023-05-03,336
2023-05-04,323
2023-05-05,324
2023-05-06,336
2023-05-07,336
2023-05-08,336
2023-05-09,345
2023-05-10,348
2023-05-11,345
2023-05-12,339
2023-05-13,335
2023-05-14,335
2023-05-15,337
2023-05-16,337
2023-05-17,340
2023-05-18,341
2023-05-19,342
2023-05-20,342
2023-05-21,342
2023-05-22,348
2023-05-23,350
2023-05-24,354
2023-05-25,362
2023-05-26,352
2023-05-27,355
2023-05-28,355
2023-05-29,356
2023-05-30,356
2023-05-31,342
2023-06-01,338
2023-06-02,335
2023-06-03,351
2023-06-04,351
2023-06-05,351
2023-06-06,356
2023-06-07,354
2023-06-08,355
2023-06-09,350
2023-06-10,344
2023-06-11,344
2023-06-12,344
2023-06-13,330
2023-06-14,341
2023-06-15,335
2023-06-16,343
2023-06-17,347
2023-06-18,347
2023-06-19,348
2023-06-20,348
2023-06-21,345
2023-06-22,348
2023-06-23,338
2023-06-24,337
2023-06-25,337
2023-06-26,336
2023-06-27,336
2023-06-28,327
2023-06-29,329
2023-06-30,331
2023-07-01,331
2023-07-02,331
2023-07-03,329
2023-07-04,328
2023-07-05,339
2023-07-06,349
2023-07-07,348
2023-07-08,357
2023-07-09,357
2023-07-10,354
2023-07-11,349
2023-07-12,357
2023-07-13,354
2023-07-14,360
2023-07-17,351
2023-07-18,345
2023-07-19,351
2023-07-20,350
2023-07-21,353
2023-07-22,360
2023-07-23,360
2023-07-24,360
2023-07-25,369
2023-07-26,372
2023-07-27,367
2023-07-28,337
2023-07-29,382
2023-07-30,382
2023-07-31,380
2023-08-01,385
2023-08-02,384
2023-08-03,376
2023-08-04,385
2023-08-05,390
2023-08-06,390
2023-08-07,389
2023-08-08,385
2023-08-09,388
2023-08-10,393
2023-08-11,389
2023-08-12,391
2023-08-13,391
2023-08-14,392
2023-08-15,389
2023-08-16,384
2023-08-17,379
2023-08-18,383
2023-08-19,383
2023-08-20,383
2023-08-21,381
2023-08-22,382
2023-08-23,384
2023-08-24,378
2023-08-25,382
2023-08-26,387
2023-08-27,387
2023-08-28,386
2023-08-29,386
2023-08-30,388
2023-08-31,390
2023-09-01,396
2023-09-02,396
2023-09-03,396
2023-09-04,398
2023-09-05,400
2023-09-06,416
2023-09-07,420
2023-09-08,417
2023-09-09,420
2023-09-10,420
2023-09-11,420
2023-09-12,420
2023-09-13,426
2023-09-14,426
2023-09-15,436
2023-09-16,438
2023-09-17,438
2023-09-18,437
2023-09-19,439
2023-09-20,439
2023-09-21,436
2023-09-22,436
2023-09-23,436
2023-09-24,436
2023-09-25,436
2023-09-26,437
2023-09-27,443
2023-09-28,456
2023-09-29,447
2023-09-30,447
2023-10-01,447
2023-10-03,452
2023-10-04,431
2023-10-05,406
2023-10-06,395
2023-10-07,395
2023-10-08,395
2023-10-09,399
2023-10-10,413
2023-10-11,410
2023-10-12,401
2023-10-13,405
2023-10-14,405
2023-10-15,405
2023-10-16,428
2023-10-17,428
2023-10-18,432
2023-10-19,432
2023-10-20,434
2023-10-21,433
2023-10-22,433
2023-10-23,433
2023-10-24,419
2023-10-25,414
2023-10-26,424
2023-10-27,414
2023-10-28,426
2023-10-29,426
2023-10-30,425
2023-10-31,407
2023-11-01,412
2023-11-02,409
2023-11-03,406
2023-11-04,396
2023-11-05,396
2023-11-06,392
2023-11-07,396
2023-11-08,380
2023-11-09,370
2023-11-10,372
2023-11-11,379
2023-11-12,379
2023-11-13,378
2023-11-14,383
2023-11-15,378
2023-11-16,372
2023-11-17,354
2023-11-18,369
2023-11-19,369
2023-11-20,367
2023-11-21,374
2023-11-22,376
2023-11-23,373
2023-11-24,373
2023-11-25,373
2023-11-26,373
2023-11-27,366
2023-11-28,363
2023-11-29,370
2023-11-30,377
2023-12-01,375
2023-12-02,375
2023-12-03,375
2023-12-04,379
2023-12-05,358
2023-12-06,355
2023-12-07,343
2023-12-08,341
2023-12-09,349
2023-12-10,349
2023-12-11,350
2023-12-12,350
2023-12-13,351
2023-12-14,339
2023-12-15,347
2023-12-16,347
2023-12-17,347
2023-12-18,348
2023-12-19,354
2023-12-20,359
2023-12-21,361
2023-12-22,358
2023-12-23,357
2023-12-24,357
2023-12-25,357
2023-12-26,357
2023-12-27,365
2023-12-28,356
2023-12-29,352
2023-12-30,353
2023-12-31,353
2024-01-01,353
2024-01-02,353
2024-01-03,345
2024-01-04,355
2024-01-05,354
2024-01-06,359
2024-01-07,359
2024-01-08,358
2024-01-09,346
2024-01-10,352
2024-01-11,348
2024-01-12,351
2024-01-13,355
2024-01-14,355
2024-01-15,356
2024-01-16,358
2024-01-17,358
2024-01-18,356
2024-01-19,362
2024-01-20,359
2024-01-21,359
2024-01-22,359
2024-01-23,367
2024-01-24,364
2024-01-25,366
2024-01-26,378
2024-01-27,378
2024-01-28,378
2024-01-29,384
2024-01-30,378
2024-01-31,381
2024-02-01,377
2024-02-02,374
2024-02-03,353
2024-02-04,353
2024-02-05,358
2024-02-06,362
2024-02-07,363
2024-02-08,366
2024-02-09,377
2024-02-10,380
2024-02-11,380
2024-02-12,379
2024-02-13,379
2024-02-14,385
2024-02-15,378
2024-02-16,383
2024-02-17,386
2024-02-18,386
2024-02-19,386
2024-02-20,385
2024-02-21,379
2024-02-22,381
2024-02-23,385
2024-02-24,375
2024-02-25,375
2024-02-26,374
2024-02-27,378
2024-02-28,384
2024-02-29,383
2024-03-01,385
2024-03-02,384
2024-03-03,384
2024-03-04,383
2024-03-05,383
2024-03-06,375
2024-03-07,379
2024-03-08,377
2024-03-09,377
2024-03-10,373
2024-03-11,373
2024-03-12,373
2024-03-13,372
2024-03-14,382
2024-03-15,390
2024-03-16,390
2024-03-17,390
2024-03-18,389
2024-03-19,398
2024-03-20,401
2024-03-21,392
2024-03-22,393
2024-03-23,394
2024-03-24,393
2024-03-25,393
2024-03-26,397
2024-03-27,396
2024-03-28,397
2024-03-29,403
2024-03-30,403
2024-03-31,403
2024-04-01,403
2024-04-02,405
2024-04-03,410
2024-04-04,407
2024-04-05,408
2024-04-06,408
2024-04-07,418
2024-04-08,418
2024-04-09,413
2024-04-10,409
2024-04-11,419
2024-04-12,419
2024-04-13,419
2024-04-14,422
2024-04-15,422
2024-04-16,422
2024-04-17,421
2024-04-18,420
2024-04-19,407
2024-04-20,408
2024-04-21,408
2024-04-22,408
2024-04-23,408
2024-04-24,412
2024-04-25,408
2024-04-26,413
2024-04-27,415
2024-04-28,415
2024-04-29,416
2024-04-30,410
2024-05-01,410
2024-05-02,411
2024-05-03,389
2024-05-04,389
2024-05-05,386
2024-05-06,386
2024-05-07,385
2024-05-08,385
2024-05-09,388
2024-05-10,387
2024-05-11,382
2024-05-12,382
2024-05-13,382
2024-05-14,384
2024-05-15,379
2024-05-16,379
2024-05-17,382
2024-05-18,385
2024-05-19,385
2024-05-20,384
2024-05-21,383
2024-05-22,380
2024-05-23,376
2024-05-24,374
2024-05-25,377
2024-05-26,377
