Date,Benzina,Motorina
2015-08-24,5.15,5.06
2015-08-25,5.17,5.08
2015-08-26,5.14,5.05
2015-08-27,5.11,5.03
2015-08-28,5.06,5.01
2015-08-29,5.04,4.99
2015-08-30,5.04,4.99
2015-08-31,5.1,5.05
2015-09-01,5.1,5.05
2015-09-02,5.13,5.08
2015-09-03,5.13,5.09
2015-09-04,5.13,5.09
2015-09-05,5.15,5.11
2015-09-06,5.15,5.11
2015-09-07,5.18,5.14
2015-09-08,5.18,5.14
2015-09-09,5.18,5.14
2015-09-10,5.2,5.16
2015-09-11,5.2,5.17
2015-09-12,5.19,5.16
2015-09-13,5.19,5.16
2015-09-14,5.2,5.17
2015-09-15,5.17,5.14
2015-09-16,5.13,5.11
2015-09-17,5.13,5.11
2015-09-18,5.13,5.11
2015-09-19,5.12,5.1
2015-09-20,5.12,5.1
2015-09-21,5.13,5.11
2015-09-22,5.13,5.11
2015-09-23,5.13,5.11
2015-09-24,5.13,5.11
2015-09-25,5.13,5.11
2015-09-26,5.1,5.1
2015-09-27,5.1,5.1
2015-09-28,5.11,5.11
2015-09-29,5.11,5.11
2015-09-30,5.1,5.11
2015-10-01,5.09,5.11
2015-10-02,5.1,5.11
2015-10-03,5.09,5.1
2015-10-04,5.09,5.1
2015-10-05,5.1,5.11
2015-10-06,5.07,5.07
2015-10-07,5.08,5.09
2015-10-08,5.09,5.11
2015-10-09,5.09,5.11
2015-10-10,5.08,5.1
2015-10-11,5.08,5.1
2015-10-12,5.09,5.11
2015-10-13,5.09,5.11
2015-10-14,5.09,5.11
2015-10-15,5.07,5.07
2015-10-16,5.04,5.04
2015-10-17,5.03,5.03
2015-10-18,5.03,5.03
2015-10-19,5.04,5.03
2015-10-20,5.04,5.03
2015-10-21,5.02,5.02
2015-10-22,5.01,5.01
2015-10-23,5.01,5.01
2015-10-26,5.01,5.01
2015-10-27,5.01,5.01
2015-10-28,5.01,5.01
2015-10-29,5.01,5.01
2015-10-30,5.04,5.04
2015-10-31,5.04,5.04
2015-11-01,5.05,5.04
2015-11-02,5.06,5.05
2015-11-03,5.06,5.05
2015-11-04,5.06,5.05
2015-11-05,5.1,5.09
2015-11-06,5.11,5.1
2015-11-07,5.1,5.1
2015-11-08,5.1,5.1
2015-11-09,5.11,5.1
2015-11-10,5.11,5.1
2015-11-11,5.11,5.1
2015-11-12,5.11,5.1
2015-11-13,5.11,5.1
2015-11-14,5.1,5.1
2015-11-15,5.1,5.1
2015-11-16,5.08,5.08
2015-11-17,5.08,5.07
2015-11-18,5.06,5.05
2015-11-19,5.08,5.07
2015-11-20,5.08,5.07
2015-11-21,5.07,5.07
2015-11-22,5.07,5.07
2015-11-23,5.08,5.07
2015-11-24,5.08,5.07
2015-11-25,5.1,5.1
2015-11-26,5.11,5.1
2015-11-27,5.11,5.1
2015-11-28,5.1,5.08
2015-11-29,5.1,5.08
2015-11-30,5.11,5.08
2015-12-01,5.11,5.08
2015-12-02,5.11,5.07
2015-12-03,5.11,5.07
2015-12-04,5.11,5.04
2015-12-05,5.09,5.02
2015-12-06,5.09,5.02
2015-12-07,5.11,5.02
2015-12-08,5.08,4.99
2015-12-09,5.04,4.95
2015-12-10,5.03,4.94
2015-12-11,5.03,4.9
2015-12-12,5.02,4.89
2015-12-13,5.01,4.88
2015-12-14,5.03,4.86
2015-12-15,5.03,4.8
2015-12-19,4.99,4.77
2015-12-20,4.99,4.77
2015-12-23,4.99,4.72
2015-12-24,4.99,4.72
2015-12-25,4.99,4.72
2015-12-26,4.98,4.71
2015-12-27,4.98,4.71
2015-12-28,4.99,4.72
2015-12-29,4.99,4.72
2015-12-30,4.99,4.72
2015-12-31,4.99,4.72
2016-01-01,4.85,4.56
2016-01-02,4.83,4.55
2016-01-03,4.83,4.55
2016-01-04,4.83,4.55
2016-01-05,4.82,4.54
2016-01-06,4.83,4.54
2016-01-07,4.82,4.54
2016-01-08,4.82,4.52
2016-01-09,4.82,4.52
2016-01-10,4.82,4.52
2016-01-11,4.82,4.51
2016-01-12,4.8,4.49
2016-01-13,4.8,4.47
2016-01-14,4.75,4.44
2016-01-15,4.73,4.42
2016-01-16,4.7,4.38
2016-01-17,4.7,4.38
2016-01-18,4.7,4.37
2016-01-19,4.67,4.34
2016-01-20,4.67,4.34
2016-01-21,4.67,4.34
2016-01-22,4.65,4.31
2016-01-23,4.63,4.3
2016-01-24,4.63,4.3
2016-01-25,4.65,4.31
2016-01-26,4.63,4.29
2016-01-27,4.63,4.29
2016-01-28,4.63,4.29
2016-01-29,4.63,4.29
2016-01-30,4.62,4.28
2016-01-31,4.62,4.28
2016-02-01,4.68,4.33
2016-02-02,4.69,4.34
2016-02-03,4.69,4.34
2016-02-04,4.68,4.34
2016-02-05,4.64,4.36
2016-02-06,4.62,4.36
2016-02-07,4.62,4.36
2016-02-08,4.64,4.37
2016-02-09,4.61,4.37
2016-02-10,4.61,4.37
2016-02-11,4.55,4.37
2016-02-12,4.55,4.34
2016-02-13,4.53,4.33
2016-02-14,4.53,4.33
2016-02-15,4.5,4.34
2016-02-16,4.52,4.36
2016-02-17,4.53,4.37
2016-02-18,4.53,4.37
2016-02-19,4.53,4.4
2016-02-20,4.51,4.4
2016-02-21,4.51,4.39
2016-02-22,4.53,4.41
2016-02-23,4.53,4.41
2016-02-24,4.53,4.41
2016-02-25,4.49,4.38
2016-02-26,4.49,4.38
2016-02-27,4.48,4.38
2016-02-28,4.48,4.38
2016-02-29,4.49,4.38
2016-03-01,4.53,4.42
2016-03-02,4.54,4.43
2016-03-03,4.54,4.43
2016-03-04,4.56,4.45
2016-03-05,4.55,4.45
2016-03-06,4.55,4.45
2016-03-07,4.56,4.45
2016-03-08,4.62,4.51
2016-03-09,4.65,4.55
2016-03-10,4.67,4.55
2016-03-11,4.69,4.57
2016-03-12,4.68,4.57
2016-03-13,4.67,4.57
2016-03-14,4.69,4.57
2016-03-15,4.71,4.58
2016-03-16,4.71,4.58
2016-03-17,4.71,4.58
2016-03-18,4.74,4.61
2016-03-19,4.78,4.65
2016-03-20,4.78,4.65
2016-03-21,4.8,4.66
2016-03-22,4.84,4.7
2016-03-23,4.84,4.7
2016-03-24,4.84,4.7
2016-03-25,4.84,4.7
2016-03-26,4.82,4.69
2016-03-27,4.82,4.69
2016-03-28,4.84,4.7
2016-03-29,4.84,4.67
2016-03-30,4.84,4.67
2016-03-31,4.84,4.67
2016-04-01,4.84,4.67
2016-04-02,4.82,4.66
2016-04-03,4.82,4.66
2016-04-04,4.84,4.67
2016-04-05,4.82,4.62
2016-04-06,4.82,4.62
2016-04-07,4.82,4.57
2016-04-08,4.82,4.57
2016-04-09,4.8,4.56
2016-04-10,4.8,4.56
2016-04-11,4.8,4.54
2016-04-12,4.84,4.58
2016-04-13,4.84,4.58
2016-04-14,4.87,4.62
2016-04-15,4.88,4.62
2016-04-16,4.88,4.66
2016-04-17,4.88,4.66
2016-04-18,4.88,4.66
2016-04-19,4.88,4.66
2016-04-20,4.88,4.66
2016-04-21,4.88,4.66
2016-04-22,4.88,4.66
2016-04-23,4.91,4.7
2016-04-24,4.91,4.7
2016-04-25,4.91,4.7
2016-04-26,4.91,4.7
2016-04-27,4.91,4.7
2016-04-28,4.94,4.74
2016-04-29,4.95,4.78
2016-04-30,4.93,4.77
2016-05-01,4.93,4.77
2016-05-02,4.95,4.78
2016-05-03,4.95,4.78
2016-05-04,4.95,4.78
2016-05-05,4.95,4.78
2016-05-06,4.95,4.78
2016-05-07,4.93,4.77
2016-05-08,4.93,4.77
2016-05-09,4.95,4.78
2016-05-10,4.95,4.78
2016-05-11,4.9,4.76
2016-05-12,4.89,4.75
2016-05-13,4.89,4.75
2016-05-14,4.89,4.75
2016-05-15,4.89,4.75
2016-05-16,4.9,4.76
2016-05-17,4.96,4.84
2016-05-18,4.96,4.84
2016-05-21,4.98,4.87
2016-05-22,4.98,4.87
2016-05-24,5.04,4.91
2016-05-25,5.05,4.92
2016-05-26,5.09,4.96
2016-05-27,5.09,4.96
2016-05-28,5.07,4.96
2016-05-29,5.08,4.95
2016-05-30,5.09,4.97
2016-05-31,5.09,4.97
2016-06-01,5.1,4.97
2016-06-04,5.09,4.99
2016-06-06,5.11,5.01
2016-06-08,5.12,5.01
2016-06-13,5.08,5.01
2016-06-14,5.05,5.01
2016-06-15,5.06,5.01
2016-06-16,5.06,5.01
2016-06-17,5.06,5.02
2016-06-18,5.03,4.98
2016-06-19,5.02,4.98
2016-06-20,5.04,4.99
2016-06-21,5.04,4.99
2016-06-22,5.07,5.01
2016-06-23,5.08,5.01
2016-06-24,5.08,5.01
2016-06-27,5.08,5.01
2016-06-28,5.08,5.01
2016-06-29,5.05,4.99
2016-06-30,5.04,4.98
2016-07-04,5.05,5.01
2016-07-05,5.05,5.01
2016-07-06,5.05,5.01
2016-07-07,5.01,4.99
2016-07-08,4.98,4.98
2016-07-09,4.95,4.97
2016-07-10,4.95,4.97
2016-07-11,4.93,4.96
2016-07-12,4.92,4.95
2016-07-13,4.92,4.95
2016-07-14,4.91,4.95
2016-07-15,4.89,4.91
2016-07-16,4.87,4.89
2016-07-17,4.87,4.89
2016-07-18,4.89,4.9
2016-07-19,4.88,4.9
2016-07-20,4.89,4.88
2016-07-21,4.89,4.87
2016-07-22,4.89,4.87
2016-07-23,4.87,4.86
2016-07-24,4.87,4.86
2016-07-25,4.89,4.87
2016-07-26,4.86,4.85
2016-07-27,4.86,4.84
2016-07-28,4.86,4.84
2016-07-29,4.82,4.8
2016-07-30,4.77,4.75
2016-07-31,4.77,4.75
2016-08-01,4.79,4.76
2016-08-02,4.76,4.73
2016-08-03,4.76,4.72
2016-08-04,4.76,4.72
2016-08-05,4.76,4.72
2016-08-06,4.76,4.72
2016-08-07,4.76,4.72
2016-08-08,4.76,4.72
2016-08-09,4.78,4.74
2016-08-10,4.8,4.75
2016-08-11,4.8,4.75
2016-08-12,4.8,4.75
2016-08-13,4.83,4.79
2016-08-14,4.83,4.79
2016-08-15,4.84,4.8
2016-08-16,4.88,4.83
2016-08-17,4.92,4.87
2016-08-18,4.93,4.88
2016-08-19,4.93,4.88
2016-08-20,4.92,4.88
2016-08-21,4.92,4.88
2016-08-22,4.94,4.89
2016-08-23,4.93,4.89
2016-08-24,4.94,4.89
2016-08-25,4.97,4.92
2016-08-26,4.97,4.93
2016-08-29,5.01,4.97
2016-08-30,5.01,4.97
2016-08-31,5.01,4.97
2016-09-01,5.01,4.97
2016-09-02,4.98,4.94
2016-09-03,4.92,4.88
2016-09-04,4.91,4.87
2016-09-05,4.93,4.88
2016-09-06,4.93,4.88
2016-09-07,4.93,4.88
2016-09-08,4.93,4.88
2016-09-09,4.95,4.9
2016-09-10,4.94,4.9
2016-09-11,4.94,4.9
2016-09-12,4.96,4.91
2016-09-13,4.96,4.91
2016-09-14,4.96,4.91
2016-09-15,4.96,4.91
2016-09-16,4.94,4.88
2016-09-17,4.92,4.86
2016-09-18,4.92,4.86
2016-09-19,4.94,4.87
2016-09-20,4.94,4.87
2016-09-21,4.96,4.89
2016-09-22,4.97,4.9
2016-09-23,4.97,4.9
2016-09-24,4.95,4.89
2016-09-25,4.95,4.89
2016-09-26,4.97,4.9
2016-09-27,4.97,4.9
2016-09-28,4.97,4.9
2016-09-29,4.94,4.88
2016-09-30,4.94,4.87
2016-10-01,4.92,4.86
2016-10-02,4.92,4.86
2016-10-03,4.96,4.9
2016-10-04,4.97,4.9
2016-10-06,5.01,4.95
2016-10-07,5.03,4.96
2016-10-08,5.01,4.96
2016-10-09,5.01,4.96
2016-10-10,5.03,4.97
2016-10-11,5.03,5.01
2016-10-12,5.07,5.04
2016-10-13,5.08,5.06
2016-10-14,5.08,5.06
2016-10-15,5.09,5.05
2016-10-16,5.09,5.05
2016-10-17,5.11,5.06
2016-10-18,5.12,5.06
2016-10-19,5.12,5.06
2016-10-20,5.16,5.1
2016-10-21,5.2,5.14
2016-10-22,5.2,5.14
2016-10-23,5.2,5.14
2016-10-24,5.21,5.15
2016-10-25,5.22,5.15
2016-10-26,5.22,5.15
2016-10-27,5.18,5.15
2016-10-28,5.18,5.15
2016-10-29,5.16,5.14
2016-10-30,5.14,5.12
2016-10-31,5.17,5.13
2016-11-01,5.17,5.13
2016-11-02,5.15,5.11
2016-11-03,5.14,5.09
2016-11-04,5.14,5.05
2016-11-05,5.08,5.01
2016-11-06,5.09,5.02
2016-11-07,5.11,5.03
2016-11-08,5.07,5.01
2016-11-10,5.04,4.96
2016-11-11,4.99,4.93
2016-11-12,4.97,4.92
2016-11-13,4.97,4.92
2016-11-14,4.99,4.94
2016-11-15,4.99,4.93
2016-11-16,4.99,4.93
2016-11-17,4.99,4.93
2016-11-18,5.01,4.96
2016-11-19,5.01,4.96
2016-11-20,5.01,4.96
2016-11-21,5.02,4.96
2016-11-23,5.04,5.02
2016-11-24,5.06,5.05
2016-11-25,5.1,5.05
2016-11-26,5.1,5.05
2016-11-27,5.1,5.05
2016-11-28,5.11,5.05
2016-11-29,5.07,5.02
2016-11-30,5.07,5.02
2016-12-01,5.07,5.02
2016-12-02,5.07,5.02
2016-12-03,5.11,5.07
2016-12-04,5.11,5.07
2016-12-05,5.11,5.07
2016-12-06,5.16,5.12
2016-12-07,5.16,5.12
2016-12-08,5.17,5.12
2016-12-09,5.17,5.12
2016-12-10,5.17,5.12
2016-12-11,5.17,5.12
2016-12-12,5.17,5.12
2016-12-13,5.21,5.17
2016-12-14,5.25,5.21
2016-12-15,5.25,5.21
2016-12-16,5.25,5.21
2016-12-17,5.25,5.21
2016-12-18,5.25,5.21
2016-12-19,5.25,5.21
2016-12-20,5.3,5.26
2016-12-21,5.3,5.26
2016-12-22,5.34,5.3
2016-12-23,5.34,5.3
2016-12-24,5.34,5.3
2016-12-25,5.34,5.3
2016-12-26,5.34,5.3
2016-12-27,5.34,5.3
2016-12-28,5.35,5.3
2016-12-29,5.34,5.3
2016-12-30,5.39,5.34
2016-12-31,5.39,5.34
2017-01-01,4.91,4.86
2017-01-02,4.91,4.87
2017-01-03,4.91,4.87
2017-01-04,4.91,4.86
2017-01-05,4.91,4.86
2017-01-06,4.9,4.86
2017-01-07,4.89,4.85
2017-01-08,4.89,4.85
2017-01-09,4.9,4.85
2017-01-10,4.9,4.85
2017-01-11,4.86,4.83
2017-01-12,4.86,4.83
2017-01-13,4.85,4.83
2017-01-14,4.85,4.83
2017-01-15,4.85,4.83
2017-01-16,4.85,4.83
2017-01-17,4.85,4.83
2017-01-18,4.85,4.83
2017-01-19,4.88,4.83
2017-01-20,4.88,4.8
2017-01-21,4.88,4.8
2017-01-22,4.88,4.8
2017-01-23,4.88,4.8
2017-01-24,4.88,4.8
2017-01-25,4.88,4.8
2017-01-26,4.88,4.8
2017-01-27,4.88,4.8
2017-01-28,4.88,4.8
2017-01-29,4.88,4.8
2017-01-30,4.88,4.8
2017-01-31,4.87,4.79
2017-02-01,4.87,4.79
2017-02-02,4.87,4.79
2017-02-03,4.9,4.83
2017-02-04,4.88,4.82
2017-02-05,4.88,4.82
2017-02-06,4.9,4.83
2017-02-07,4.9,4.83
2017-02-08,4.9,4.83
2017-02-09,4.87,4.83
2017-02-10,4.87,4.83
2017-02-11,4.85,4.82
2017-02-12,4.85,4.82
2017-02-13,4.87,4.83
2017-02-14,4.88,4.83
2017-02-15,4.88,4.83
2017-02-16,4.91,4.86
2017-02-17,4.91,4.86
2017-02-18,4.89,4.85
2017-02-19,4.89,4.85
2017-02-20,4.91,4.83
2017-02-21,4.91,4.83
2017-02-22,4.91,4.83
2017-02-23,4.93,4.86
2017-02-24,4.93,4.86
2017-02-25,4.91,4.85
2017-02-26,4.92,4.85
2017-02-27,4.94,4.86
2017-02-28,4.94,4.86
2017-03-01,4.94,4.86
2017-03-02,4.9,4.85
2017-03-03,4.89,4.84
2017-03-04,4.83,4.84
2017-03-05,4.83,4.84
2017-03-06,4.85,4.84
2017-03-07,4.84,4.84
2017-03-08,4.84,4.84
2017-03-09,4.84,4.84
2017-03-10,4.81,4.82
2017-03-11,4.74,4.77
2017-03-12,4.74,4.77
2017-03-13,4.76,4.77
2017-03-14,4.72,4.73
2017-03-15,4.71,4.72
2017-03-16,4.71,4.72
2017-03-17,4.71,4.72
2017-03-18,4.69,4.68
2017-03-19,4.69,4.68
2017-03-20,4.71,4.69
2017-03-21,4.71,4.68
2017-03-22,4.71,4.68
2017-03-23,4.71,4.68
2017-03-24,4.71,4.65
2017-03-25,4.69,4.64
2017-03-26,4.69,4.64
2017-03-27,4.71,4.65
2017-03-28,4.71,4.62
2017-03-29,4.71,4.61
2017-03-30,4.73,4.64
2017-03-31,4.74,4.64
2017-04-01,4.74,4.66
2017-04-02,4.74,4.66
2017-04-03,4.76,4.67
2017-04-04,4.78,4.7
2017-04-05,4.79,4.7
2017-04-06,4.82,4.73
2017-04-07,4.83,4.74
2017-04-08,4.81,4.73
2017-04-09,4.81,4.73
2017-04-10,4.83,4.74
2017-04-11,4.87,4.78
2017-04-12,4.9,4.82
2017-04-13,4.91,4.82
2017-04-14,4.93,4.84
2017-04-15,4.91,4.84
2017-04-16,4.91,4.84
2017-04-17,4.93,4.85
2017-04-18,4.93,4.85
2017-04-19,4.93,4.85
2017-04-20,4.93,4.85
2017-04-21,4.93,4.84
2017-04-22,4.91,4.83
2017-04-23,4.91,4.83
2017-04-24,4.89,4.81
2017-04-25,4.89,4.8
2017-04-26,4.85,4.77
2017-04-27,4.85,4.76
2017-04-28,4.85,4.76
2017-04-29,4.82,4.74
2017-04-30,4.82,4.74
2017-05-01,4.84,4.75
2017-05-02,4.84,4.75
2017-05-03,4.83,4.75
2017-05-04,4.8,4.71
2017-05-05,4.79,4.7
2017-05-06,4.73,4.66
2017-05-07,4.73,4.66
2017-05-08,4.75,4.67
2017-05-09,4.74,4.66
2017-05-10,4.7,4.62
2017-05-11,4.7,4.61
2017-05-12,4.7,4.61
2017-05-13,4.7,4.61
2017-05-14,4.7,4.61
2017-05-15,4.7,4.61
2017-05-16,4.7,4.61
2017-05-17,4.7,4.61
2017-05-18,4.7,4.61
2017-05-19,4.7,4.61
2017-05-20,4.7,4.61
2017-05-21,4.7,4.61
2017-05-22,4.7,4.61
2017-05-23,4.73,4.65
2017-05-24,4.77,4.69
2017-05-25,4.78,4.7
2017-05-26,4.78,4.7
2017-05-27,4.76,4.69
2017-05-28,4.76,4.69
2017-05-29,4.78,4.7
2017-05-30,4.75,4.67
2017-05-31,4.75,4.66
2017-06-01,4.75,4.66
2017-06-02,4.75,4.66
2017-06-03,4.71,4.63
2017-06-04,4.71,4.63
2017-06-05,4.72,4.63
2017-06-06,4.73,4.64
2017-06-07,4.69,4.6
2017-06-08,4.65,4.56
2017-06-09,4.64,4.54
2017-06-10,4.62,4.54
2017-06-11,4.62,4.54
2017-06-12,4.64,4.55
2017-06-13,4.64,4.53
2017-06-14,4.64,4.53
2017-06-15,4.6,4.52
2017-06-16,4.57,4.5
2017-06-17,4.53,4.48
2017-06-18,4.53,4.48
2017-06-19,4.55,4.49
2017-06-20,4.55,4.49
2017-06-21,4.55,4.49
2017-06-22,4.52,4.47
2017-06-23,4.52,4.47
2017-06-24,4.5,4.46
2017-06-25,4.5,4.46
2017-06-26,4.52,4.47
2017-06-27,4.52,4.47
2017-06-28,4.52,4.47
2017-06-29,4.52,4.47
2017-06-30,4.52,4.47
2017-07-01,4.51,4.47
2017-07-02,4.51,4.47
2017-07-03,4.56,4.5
2017-07-04,4.56,4.51
2017-07-05,4.59,4.54
2017-07-06,4.59,4.54
2017-07-07,4.59,4.54
2017-07-08,4.58,4.53
2017-07-09,4.58,4.54
2017-07-10,4.6,4.55
2017-07-11,4.56,4.51
2017-07-12,4.56,4.51
2017-07-13,4.56,4.51
2017-07-14,4.56,4.51
2017-07-15,4.53,4.5
2017-07-16,4.54,4.5
2017-07-17,4.56,4.51
2017-07-18,4.58,4.54
2017-07-19,4.58,4.55
2017-07-20,4.58,4.55
2017-07-21,4.61,4.58
2017-07-22,4.59,4.58
2017-07-23,4.59,4.58
2017-07-24,4.61,4.59
2017-07-25,4.59,4.56
2017-07-26,4.59,4.56
2017-07-27,4.59,4.56
2017-07-28,4.59,4.59
2017-07-29,4.57,4.58
2017-07-30,4.57,4.58
2017-07-31,4.59,4.59
2017-08-01,4.63,4.63
2017-08-02,4.63,4.63
2017-08-03,4.63,4.63
2017-08-04,4.63,4.63
2017-08-05,4.61,4.62
2017-08-06,4.61,4.62
2017-08-07,4.63,4.63
2017-08-08,4.63,4.63
2017-08-09,4.63,4.63
2017-08-10,4.63,4.63
2017-08-11,4.63,4.63
2017-08-12,4.61,4.62
2017-08-13,4.61,4.62
2017-08-14,4.63,4.63
2017-08-15,4.63,4.63
2017-08-16,4.63,4.63
2017-08-17,4.63,4.59
2017-08-18,4.63,4.59
2017-08-19,4.61,4.58
2017-08-20,4.61,4.58
2017-08-21,4.63,4.57
2017-08-22,4.63,4.57
2017-08-23,4.63,4.57
2017-08-24,4.63,4.57
2017-08-25,4.63,4.57
2017-08-26,4.63,4.57
2017-08-27,4.63,4.57
2017-08-28,4.66,4.6
2017-08-29,4.67,4.61
2017-08-30,4.67,4.61
2017-08-31,4.67,4.61
2017-09-01,4.72,4.66
2017-09-02,4.7,4.65
2017-09-03,4.7,4.65
2017-09-04,4.76,4.7
2017-09-05,4.76,4.7
2017-09-06,4.76,4.7
2017-09-07,4.8,4.73
2017-09-08,4.8,4.74
2017-09-09,4.78,4.73
2017-09-10,4.78,4.73
2017-09-11,4.77,4.71
2017-09-12,4.77,4.71
2017-09-13,4.77,4.71
2017-09-14,4.8,4.71
2017-09-15,4.9,4.8
2017-09-16,4.88,4.79
2017-09-17,4.88,4.79
2017-09-18,4.9,4.8
2017-09-19,4.9,4.84
2017-09-20,4.9,4.84
2017-09-21,4.9,4.84
2017-09-22,4.9,4.87
2017-09-23,4.87,4.86
2017-09-24,4.88,4.86
2017-09-25,4.9,4.88
2017-09-26,4.9,4.88
2017-09-27,4.93,4.91
2017-09-28,4.94,4.91
2017-09-29,4.92,4.95
2017-09-30,4.9,4.94
2017-10-01,4.94,4.99
2017-10-02,4.97,5.01
2017-10-03,5.01,5.04
2017-10-04,5.01,5.04
2017-10-05,5.02,5.05
2017-10-06,5.02,5.06
2017-10-07,5.03,5.07
2017-10-08,5.03,5.08
2017-10-09,5.05,5.09
2017-10-10,5.05,5.09
2017-10-11,5.05,5.09
2017-10-12,5.07,5.12
2017-10-13,5.08,5.13
2017-10-14,5.04,5.11
2017-10-15,5.04,5.11
2017-10-16,5.06,5.12
2017-10-17,5.07,5.15
2017-10-18,5.08,5.15
2017-10-19,5.08,5.15
2017-10-20,5.1,5.15
2017-10-21,5.09,5.14
2017-10-22,5.09,5.14
2017-10-23,5.11,5.15
2017-10-24,5.11,5.18
2017-10-25,5.11,5.18
2017-10-26,5.11,5.18
2017-10-27,5.11,5.18
2017-10-28,5.09,5.17
2017-10-29,5.09,5.17
2017-10-30,5.11,5.18
2017-10-31,5.14,5.21
2017-11-01,5.14,5.22
2017-11-02,5.17,5.25
2017-11-03,5.17,5.25
2017-11-04,5.16,5.24
2017-11-05,5.16,5.24
2017-11-06,5.18,5.26
2017-11-07,5.22,5.29
2017-11-08,5.22,5.29
2017-11-09,5.25,5.29
2017-11-10,5.25,5.29
2017-11-11,5.23,5.28
2017-11-12,5.23,5.28
2017-11-13,5.29,5.33
2017-11-14,5.3,5.33
2017-11-15,5.3,5.33
2017-11-16,5.3,5.33
2017-11-17,5.29,5.33
2017-11-18,5.27,5.32
2017-11-19,5.28,5.32
2017-11-20,5.29,5.33
2017-11-21,5.29,5.33
2017-11-22,5.29,5.33
2017-11-23,5.28,5.33
2017-11-24,5.29,5.33
2017-11-25,5.28,5.33
2017-11-26,5.28,5.33
2017-11-27,5.28,5.33
2017-11-28,5.29,5.35
2017-11-29,5.29,5.35
2017-11-30,5.29,5.35
2017-12-01,5.27,5.32
2017-12-02,5.25,5.32
2017-12-03,5.25,5.32
2017-12-04,5.27,5.32
2017-12-05,5.26,5.32
2017-12-06,5.23,5.3
2017-12-07,5.23,5.3
2017-12-08,5.22,5.3
2017-12-09,5.23,5.3
2017-12-10,5.23,5.3
2017-12-11,5.23,5.3
2017-12-12,5.25,5.33
2017-12-13,5.26,5.33
2017-12-14,5.25,5.33
2017-12-15,5.25,5.33
2017-12-16,5.26,5.33
2017-12-17,5.26,5.33
2017-12-18,5.25,5.33
2017-12-19,5.25,5.33
2017-12-20,5.25,5.33
2017-12-21,5.25,5.33
2017-12-22,5.25,5.33
2017-12-23,5.25,5.33
2017-12-24,5.25,5.33
2017-12-25,5.25,5.33
2017-12-26,5.25,5.33
2017-12-27,5.25,5.33
2017-12-28,5.25,5.32
2017-12-29,5.28,5.35
2017-12-30,5.29,5.36
2017-12-31,5.29,5.36
2018-01-01,5.29,5.36
2018-01-02,5.29,5.36
2018-01-03,5.31,5.38
2018-01-04,5.31,5.38
2018-01-05,5.34,5.41
2018-01-06,5.35,5.42
2018-01-07,5.35,5.42
2018-01-08,5.35,5.42
2018-01-09,5.35,5.42
2018-01-10,5.35,5.42
2018-01-11,5.37,5.44
2018-01-12,5.39,5.46
2018-01-13,5.39,5.46
2018-01-14,5.39,5.46
2018-01-15,5.42,5.49
2018-01-16,5.43,5.5
2018-01-17,5.43,5.5
2018-01-18,5.43,5.5
2018-01-19,5.43,5.5
2018-01-20,5.43,5.5
2018-01-21,5.43,5.5
2018-01-22,5.43,5.5
2018-01-23,5.43,5.5
2018-01-24,5.43,5.5
2018-01-25,5.43,5.5
2018-01-26,5.45,5.52
2018-01-27,5.45,5.53
2018-01-28,5.45,5.53
2018-01-29,5.45,5.53
2018-01-30,5.45,5.53
2018-01-31,5.45,5.5
2018-02-01,5.44,5.48
2018-02-02,5.44,5.47
2018-02-03,5.42,5.46
2018-02-04,5.42,5.47
2018-02-05,5.44,5.47
2018-02-06,5.42,5.46
2018-02-07,5.42,5.45
2018-02-08,5.4,5.43
2018-02-09,5.36,5.4
2018-02-10,5.32,5.37
2018-02-11,5.31,5.36
2018-02-12,5.33,5.37
2018-02-13,5.32,5.36
2018-02-14,5.29,5.33
2018-02-15,5.25,5.29
2018-02-16,5.24,5.28
2018-02-17,5.22,5.27
2018-02-18,5.22,5.27
2018-02-19,5.24,5.28
2018-02-20,5.23,5.28
2018-02-21,5.25,5.3
2018-02-22,5.26,5.3
2018-02-23,5.26,5.33
2018-02-24,5.24,5.33
2018-02-25,5.24,5.33
2018-02-26,5.26,5.34
2018-02-27,5.29,5.37
2018-02-28,5.29,5.38
2018-03-01,5.32,5.41
2018-03-02,5.33,5.42
2018-03-03,5.31,5.39
2018-03-04,5.28,5.37
2018-03-05,5.3,5.38
2018-03-06,5.28,5.37
2018-03-07,5.28,5.37
2018-03-08,5.28,5.37
2018-03-09,5.28,5.36
2018-03-10,5.24,5.33
2018-03-11,5.24,5.33
2018-03-12,5.25,5.34
2018-03-13,5.24,5.34
2018-03-14,5.24,5.34
2018-03-15,5.24,5.34
2018-03-16,5.27,5.34
2018-03-17,5.25,5.33
2018-03-18,5.25,5.33
2018-03-19,5.27,5.34
2018-03-20,5.3,5.37
2018-03-21,5.3,5.37
2018-03-22,5.33,5.4
2018-03-23,5.34,5.41
2018-03-24,5.33,5.4
2018-03-25,5.34,5.41
2018-03-26,5.36,5.42
2018-03-27,5.39,5.46
2018-03-28,5.4,5.46
2018-03-29,5.4,5.45
2018-03-30,5.4,5.48
2018-03-31,5.38,5.48
2018-04-01,5.38,5.48
2018-04-02,5.4,5.49
2018-04-03,5.41,5.49
2018-04-04,5.41,5.49
2018-04-05,5.41,5.49
2018-04-06,5.42,5.5
2018-04-07,5.4,5.49
2018-04-08,5.4,5.49
2018-04-09,5.42,5.5
2018-04-10,5.42,5.5
2018-04-11,5.42,5.5
2018-04-12,5.44,5.52
2018-04-13,5.47,5.54
2018-04-14,5.45,5.54
2018-04-15,5.45,5.54
2018-04-16,5.47,5.55
2018-04-17,5.46,5.55
2018-04-18,5.46,5.55
2018-04-19,5.46,5.55
2018-04-20,5.49,5.57
2018-04-21,5.47,5.57
2018-04-22,5.47,5.57
2018-04-23,5.49,5.58
2018-04-24,5.49,5.59
2018-04-25,5.53,5.62
2018-04-26,5.53,5.63
2018-04-27,5.53,5.63
2018-04-28,5.5,5.62
2018-04-29,5.5,5.62
2018-04-30,5.53,5.63
2018-05-01,5.56,5.64
2018-05-02,5.56,5.64
2018-05-03,5.57,5.64
2018-05-04,5.57,5.64
2018-05-05,5.57,5.64
2018-05-06,5.57,5.64
2018-05-07,5.57,5.64
2018-05-08,5.6,5.67
2018-05-09,5.6,5.68
2018-05-10,5.6,5.68
2018-05-11,5.63,5.71
2018-05-12,5.64,5.72
2018-05-13,5.64,5.72
2018-05-14,5.64,5.72
2018-05-15,5.67,5.75
2018-05-16,5.68,5.76
2018-05-17,5.71,5.79
2018-05-18,5.72,5.8
2018-05-19,5.72,5.8
2018-05-20,5.72,5.8
2018-05-21,5.72,5.8
2018-05-22,5.71,5.8
2018-05-23,5.71,5.8
2018-05-24,5.74,5.83
2018-05-25,5.75,5.84
2018-05-26,5.76,5.85
2018-05-27,5.76,5.85
2018-05-28,5.76,5.85
2018-05-29,5.75,5.85
2018-05-30,5.75,5.85
2018-05-31,5.74,5.84
2018-06-01,5.74,5.84
2018-06-02,5.74,5.84
2018-06-03,5.74,5.84
2018-06-04,5.74,5.84
2018-06-05,5.74,5.84
2018-06-06,5.73,5.84
2018-06-07,5.73,5.84
2018-06-08,5.73,5.84
2018-06-09,5.73,5.84
2018-06-10,5.73,5.84
2018-06-11,5.73,5.84
2018-06-12,5.76,5.84
2018-06-13,5.76,5.84
2018-06-14,5.76,5.84
2018-06-15,5.76,5.84
2018-06-16,5.76,5.84
2018-06-17,5.76,5.84
2018-06-18,5.74,5.81
2018-06-19,5.73,5.8
2018-06-20,5.71,5.8
2018-06-21,5.71,5.8
2018-06-22,5.71,5.8
2018-06-23,5.7,5.8
2018-06-24,5.71,5.8
2018-06-25,5.7,5.8
2018-06-26,5.7,5.8
2018-06-27,5.7,5.8
2018-06-28,5.7,5.8
2018-06-29,5.73,5.82
2018-06-30,5.74,5.84
2018-07-01,5.74,5.84
2018-07-02,5.74,5.84
2018-07-03,5.76,5.84
2018-07-04,5.78,5.84
2018-07-05,5.78,5.84
2018-07-06,5.78,5.84
2018-07-07,5.76,5.83
2018-07-08,5.76,5.83
2018-07-09,5.76,5.83
2018-07-10,5.73,5.82
2018-07-11,5.72,5.82
2018-07-12,5.72,5.82
2018-07-13,5.72,5.82
2018-07-14,5.7,5.81
2018-07-15,5.7,5.81
2018-07-16,5.7,5.81
2018-07-17,5.7,5.81
2018-07-18,5.66,5.78
2018-07-19,5.65,5.77
2018-07-20,5.65,5.77
2018-07-21,5.64,5.76
2018-07-22,5.64,5.76
2018-07-23,5.64,5.76
2018-07-24,5.64,5.76
2018-07-25,5.61,5.74
2018-07-26,5.6,5.74
2018-07-27,5.6,5.74
2018-07-28,5.59,5.74
2018-07-29,5.59,5.74
2018-07-30,5.6,5.74
2018-07-31,5.62,5.77
2018-08-01,5.63,5.77
2018-08-02,5.63,5.77
2018-08-03,5.62,5.77
2018-08-04,5.61,5.76
2018-08-05,5.6,5.75
2018-08-06,5.61,5.76
2018-08-07,5.64,5.76
2018-08-08,5.65,5.76
2018-08-09,5.65,5.76
2018-08-10,5.65,5.76
2018-08-11,5.64,5.76
2018-08-12,5.64,5.76
2018-08-13,5.64,5.76
2018-08-14,5.63,5.76
2018-08-15,5.63,5.76
2018-08-16,5.63,5.76
2018-08-17,5.62,5.75
2018-08-18,5.62,5.75
2018-08-19,5.62,5.75
2018-08-20,5.63,5.75
2018-08-21,5.62,5.77
2018-08-22,5.65,5.78
2018-08-23,5.65,5.77
2018-08-24,5.64,5.77
2018-08-25,5.63,5.76
2018-08-26,5.63,5.76
2018-08-27,5.64,5.77
2018-08-28,5.66,5.79
2018-08-29,5.67,5.8
2018-08-30,5.67,5.83
2018-08-31,5.67,5.85
2018-09-01,5.66,5.84
2018-09-02,5.66,5.84
2018-09-03,5.67,5.85
2018-09-04,5.7,5.88
2018-09-05,5.71,5.89
2018-09-06,5.72,5.89
2018-09-07,5.72,5.9
2018-09-08,5.71,5.9
2018-09-09,5.71,5.89
2018-09-10,5.72,5.9
2018-09-11,5.72,5.9
2018-09-12,5.73,5.9
2018-09-13,5.75,5.93
2018-09-14,5.76,5.94
2018-09-15,5.74,5.92
2018-09-16,5.73,5.92
2018-09-17,5.74,5.93
2018-09-18,5.76,5.94
2018-09-19,5.75,5.94
2018-09-20,5.75,5.94
2018-09-21,5.74,5.93
2018-09-22,5.72,5.92
2018-09-23,5.73,5.93
2018-09-24,5.73,5.93
2018-09-25,5.74,5.93
2018-09-26,5.73,5.93
2018-09-27,5.75,5.95
2018-09-28,5.75,5.95
2018-09-29,5.73,5.94
2018-09-30,5.73,5.94
2018-10-01,5.74,5.95
2018-10-02,5.77,5.98
2018-10-03,5.78,5.99
2018-10-04,5.8,6.02
2018-10-05,5.8,6.03
2018-10-06,5.78,6.02
2018-10-07,5.78,6.02
2018-10-08,5.8,6.03
2018-10-09,5.8,6.03
2018-10-10,5.8,6.04
2018-10-11,5.82,6.05
2018-10-12,5.82,6.06
2018-10-13,5.8,6.05
2018-10-14,5.8,6.05
2018-10-15,5.82,6.06
2018-10-16,5.81,6.06
2018-10-17,5.81,6.06
2018-10-18,5.81,6.06
2018-10-19,5.81,6.06
2018-10-20,5.86,6.09
2018-10-21,5.81,6.06
2018-10-22,5.81,6.06
2018-10-23,5.8,6.06
2018-10-24,5.8,6.06
2018-10-25,5.8,6.05
2018-10-26,5.78,6.03
2018-10-27,5.77,6.03
2018-10-28,5.77,6.03
2018-10-29,5.77,6.03
2018-10-30,5.77,6.05
2018-10-31,5.77,6.05
2018-11-01,5.75,6.04
2018-11-02,5.73,6.03
2018-11-05,5.68,5.98
2018-11-06,5.67,5.97
2018-11-07,5.65,5.97
2018-11-08,5.62,5.95
2018-11-09,5.58,5.94
2018-11-10,5.57,5.94
2018-11-11,5.57,5.94
2018-11-12,5.55,5.94
2018-11-13,5.5,5.91
2018-11-14,5.49,5.91
2018-11-15,5.45,5.87
2018-11-16,5.48,5.88
2018-11-17,5.42,5.85
2018-11-18,5.42,5.85
2018-11-19,5.42,5.85
2018-11-20,5.41,5.84
2018-11-21,5.4,5.84
2018-11-22,5.36,5.79
2018-11-23,5.35,5.77
2018-11-24,5.33,5.74
2018-11-25,5.33,5.74
2018-11-26,5.3,5.72
2018-11-27,5.25,5.67
2018-11-28,5.25,5.66
2018-11-29,5.22,5.63
2018-11-30,5.2,5.6
2018-12-01,5.2,5.6
2018-12-02,5.18,5.58
2018-12-03,5.19,5.58
2018-12-04,5.16,5.56
2018-12-05,5.15,5.55
2018-12-06,5.15,5.54
2018-12-07,5.15,5.54
2018-12-08,5.11,5.5
2018-12-09,5.11,5.5
2018-12-10,5.13,5.51
2018-12-11,5.12,5.49
2018-12-12,5.12,5.49
2018-12-13,5.1,5.48
2018-12-14,5.1,5.48
2018-12-15,5.08,5.47
2018-12-16,5.08,5.47
2018-12-17,5.1,5.48
2018-12-18,5.1,5.48
2018-12-19,5.1,5.46
2018-12-20,5.07,5.42
2018-12-21,5.06,5.41
2018-12-22,5.04,5.4
2018-12-23,5.04,5.4
2018-12-24,5.04,5.4
2018-12-25,5.01,5.36
2018-12-26,5.01,5.36
2018-12-27,5.01,5.36
2018-12-28,4.99,5.35
2018-12-29,4.99,5.33
2018-12-30,4.99,5.33
2018-12-31,4.99,5.34
2019-01-01,5.02,5.36
2019-01-02,5.06,5.39
2019-01-03,5.06,5.39
2019-01-04,5.07,5.39
2019-01-05,5.06,5.39
2019-01-06,5.06,5.39
2019-01-07,5.08,5.4
2019-01-08,5.08,5.4
2019-01-09,5.08,5.4
2019-01-10,5.08,5.4
2019-01-11,5.11,5.44
2019-01-12,5.1,5.43
2019-01-13,5.1,5.43
2019-01-14,5.11,5.44
2019-01-15,5.12,5.46
2019-01-16,5.12,5.49
2019-01-17,5.13,5.5
2019-01-18,5.13,5.53
2019-01-19,5.11,5.53
2019-01-20,5.11,5.53
2019-01-21,5.11,5.53
2019-01-22,5.11,5.53
2019-01-23,5.11,5.53
2019-01-24,5.11,5.53
2019-01-25,5.11,5.53
2019-01-26,5.11,5.53
2019-01-27,5.11,5.53
2019-01-28,5.13,5.54
2019-01-29,5.16,5.57
2019-01-30,5.17,5.58
2019-01-31,5.2,5.61
2019-02-01,5.24,5.61
2019-02-02,5.24,5.6
2019-02-03,5.2,5.62
2019-02-04,5.21,5.63
2019-02-05,5.22,5.63
2019-02-06,5.23,5.64
2019-02-07,5.23,5.65
2019-02-08,5.27,5.68
2019-02-09,5.27,5.69
2019-02-10,5.27,5.69
2019-02-11,5.28,5.69
2019-02-12,5.28,5.71
2019-02-13,5.28,5.72
2019-02-14,5.29,5.74
2019-02-15,5.3,5.74
2019-02-16,5.3,5.75
2019-02-17,5.3,5.75
2019-02-18,5.3,5.75
2019-02-19,5.33,5.77
2019-02-20,5.34,5.79
2019-02-21,5.35,5.79
2019-02-22,5.38,5.83
2019-02-23,5.39,5.83
2019-02-24,5.39,5.83
2019-02-25,5.39,5.84
2019-02-26,5.41,5.86
2019-02-27,5.42,5.86
2019-02-28,5.41,5.86
2019-03-01,5.43,5.86
2019-03-02,5.44,5.86
2019-03-03,5.44,5.86
2019-03-04,5.44,5.85
2019-03-05,5.43,5.85
2019-03-06,5.44,5.85
2019-03-07,5.44,5.86
2019-03-08,5.44,5.86
2019-03-09,5.44,5.86
2019-03-10,5.44,5.86
2019-03-11,5.44,5.85
2019-03-12,5.42,5.84
2019-03-13,5.44,5.83
2019-03-14,5.45,5.83
2019-03-15,5.47,5.84
2019-03-16,5.48,5.84
2019-03-17,5.49,5.85
2019-03-18,5.49,5.85
2019-03-19,5.49,5.84
2019-03-20,5.51,5.84
2019-03-21,5.53,5.83
2019-03-22,5.54,5.84
2019-03-23,5.53,5.84
2019-03-24,5.53,5.84
2019-03-25,5.55,5.85
2019-03-26,5.55,5.84
2019-03-27,5.58,5.84
2019-03-28,5.59,5.84
2019-03-29,5.59,5.84
2019-03-30,5.58,5.83
2019-03-31,5.58,5.83
2019-04-01,5.58,5.81
2019-04-02,5.59,5.81
2019-04-03,5.61,5.81
2019-04-04,5.64,5.84
2019-04-05,5.64,5.84
2019-04-06,5.64,5.83
2019-04-07,5.64,5.83
2019-04-08,5.66,5.84
2019-04-09,5.69,5.85
2019-04-10,5.71,5.87
2019-04-11,5.72,5.87
2019-04-12,5.74,5.89
2019-04-13,5.71,5.88
2019-04-14,5.71,5.88
2019-04-15,5.74,5.89
2019-04-16,5.77,5.92
2019-04-17,5.78,5.92
2019-04-18,5.78,5.92
2019-04-19,5.79,5.92
2019-04-20,5.77,5.91
2019-04-21,5.77,5.91
2019-04-22,5.8,5.92
2019-04-23,5.8,5.92
2019-04-24,5.8,5.93
2019-04-25,5.8,5.93
2019-04-26,5.8,5.93
2019-04-27,5.78,5.91
2019-04-28,5.78,5.91
2019-04-29,5.78,5.92
2019-04-30,5.78,5.92
2019-05-01,5.78,5.92
2019-05-02,5.83,5.94
2019-05-03,5.83,5.94
2019-05-04,5.81,5.93
2019-05-05,5.81,5.93
2019-05-06,5.83,5.94
2019-05-07,5.84,5.96
2019-05-08,5.85,5.96
2019-05-09,5.83,5.95
2019-05-10,5.84,5.95
2019-05-11,5.8,5.92
2019-05-12,5.8,5.92
2019-05-13,5.82,5.93
2019-05-14,5.83,5.94
2019-05-15,5.83,5.94
2019-05-16,5.82,5.95
2019-05-17,5.83,5.96
2019-05-18,5.81,5.94
2019-05-19,5.81,5.94
2019-05-20,5.83,5.96
2019-05-21,5.84,5.97
2019-05-22,5.86,5.97
2019-05-23,5.86,5.97
2019-05-24,5.85,5.95
2019-05-25,5.83,5.94
2019-05-26,5.83,5.94
2019-05-27,5.83,5.93
2019-05-28,5.83,5.93
2019-05-29,5.83,5.92
2019-05-30,5.83,5.93
2019-05-31,5.8,5.9
2019-06-01,5.78,5.89
2019-06-02,5.78,5.89
2019-06-03,5.77,5.87
2019-06-04,5.73,5.83
2019-06-05,5.69,5.79
2019-06-06,5.68,5.78
2019-06-07,5.66,5.76
2019-06-08,5.63,5.75
2019-06-09,5.63,5.75
2019-06-10,5.65,5.76
2019-06-11,5.66,5.76
2019-06-12,5.63,5.73
2019-06-13,5.63,5.73
2019-06-14,5.62,5.71
2019-06-15,5.59,5.7
2019-06-16,5.59,5.7
2019-06-17,5.6,5.7
2019-06-18,5.62,5.71
2019-06-19,5.59,5.68
2019-06-20,5.59,5.68
2019-06-21,5.54,5.63
2019-06-22,5.51,5.62
2019-06-23,5.51,5.62
2019-06-24,5.53,5.63
2019-06-25,5.56,5.65
2019-06-26,5.56,5.65
2019-06-27,5.56,5.65
2019-06-28,5.56,5.65
2019-06-29,5.55,5.65
2019-06-30,5.55,5.65
2019-07-01,5.56,5.65
2019-07-02,5.56,5.65
2019-07-03,5.56,5.65
2019-07-04,5.56,5.64
2019-07-05,5.56,5.64
2019-07-06,5.57,5.63
2019-07-07,5.57,5.63
2019-07-08,5.57,5.63
2019-07-09,5.6,5.64
2019-07-10,5.62,5.65
2019-07-11,5.6,5.64
2019-07-12,5.63,5.67
2019-07-13,5.63,5.67
2019-07-14,5.63,5.67
2019-07-15,5.64,5.68
2019-07-16,5.66,5.7
2019-07-17,5.67,5.7
2019-07-18,5.67,5.7
2019-07-19,5.67,5.7
2019-07-20,5.68,5.7
2019-07-21,5.68,5.71
2019-07-22,5.67,5.7
2019-07-23,5.68,5.71
2019-07-24,5.69,5.71
2019-07-25,5.7,5.72
2019-07-26,5.7,5.72
2019-07-27,5.71,5.72
2019-07-28,5.71,5.72
2019-07-29,5.72,5.73
2019-07-30,5.72,5.73
2019-07-31,5.72,5.73
2019-08-01,5.72,5.74
2019-08-02,5.74,5.75
2019-08-03,5.74,5.75
2019-08-04,5.74,5.75
2019-08-05,5.74,5.75
2019-08-06,5.73,5.74
2019-08-07,5.71,5.74
2019-08-08,5.69,5.72
2019-08-09,5.66,5.69
2019-08-10,5.65,5.68
2019-08-11,5.65,5.68
2019-08-12,5.65,5.68
2019-08-13,5.65,5.68
2019-08-14,5.65,5.68
2019-08-15,5.65,5.68
2019-08-16,5.63,5.66
2019-08-17,5.62,5.66
2019-08-18,5.62,5.66
2019-08-19,5.6,5.64
2019-08-20,5.58,5.63
2019-08-21,5.58,5.63
2019-08-22,5.56,5.64
2019-08-23,5.56,5.64
2019-08-24,5.54,5.64
2019-08-25,5.54,5.64
2019-08-26,5.56,5.64
2019-08-27,5.54,5.63
2019-08-28,5.53,5.63
2019-08-29,5.53,5.63
2019-08-30,5.55,5.64
2019-08-31,5.54,5.64
2019-09-01,5.54,5.64
2019-09-02,5.55,5.64
2019-09-03,5.55,5.64
2019-09-04,5.52,5.63
2019-09-05,5.49,5.63
2019-09-06,5.49,5.65
2019-09-07,5.47,5.65
2019-09-08,5.47,5.65
2019-09-09,5.48,5.66
2019-09-10,5.48,5.66
2019-09-11,5.51,5.68
2019-09-12,5.51,5.68
2019-09-13,5.51,5.69
2019-09-14,5.5,5.68
2019-09-15,5.5,5.68
2019-09-16,5.51,5.68
2019-09-17,5.53,5.7
2019-09-18,5.58,5.75
2019-09-19,5.59,5.76
2019-09-20,5.59,5.76
2019-09-21,5.58,5.76
2019-09-22,5.58,5.76
2019-09-23,5.56,5.74
2019-09-24,5.59,5.77
2019-09-25,5.54,5.72
2019-09-26,5.63,5.81
2019-09-27,5.64,5.83
2019-09-28,5.63,5.82
2019-09-29,5.63,5.82
2019-09-30,5.64,5.83
2019-10-01,5.64,5.83
2019-10-02,5.64,5.83
2019-10-03,5.64,5.84
2019-10-04,5.63,5.82
2019-10-05,5.61,5.8
2019-10-06,5.61,5.8
2019-10-07,5.62,5.81
2019-10-08,5.62,5.81
2019-10-09,5.62,5.81
2019-10-10,5.6,5.79
2019-10-11,5.59,5.78
2019-10-12,5.58,5.77
2019-10-13,5.58,5.77
2019-10-14,5.58,5.78
2019-10-15,5.59,5.78
2019-10-16,5.55,5.74
2019-10-17,5.54,5.73
2019-10-18,5.54,5.73
2019-10-19,5.53,5.73
2019-10-20,5.52,5.73
2019-10-21,5.54,5.73
2019-10-22,5.53,5.73
2019-10-23,5.51,5.73
2019-10-24,5.51,5.75
2019-10-25,5.51,5.75
2019-10-26,5.49,5.75
2019-10-27,5.49,5.75
2019-10-28,5.51,5.76
2019-10-29,5.51,5.76
2019-10-30,5.51,5.76
2019-10-31,5.53,5.78
2019-11-01,5.53,5.79
2019-11-02,5.52,5.78
2019-11-03,5.52,5.78
2019-11-04,5.53,5.79
2019-11-05,5.55,5.79
2019-11-06,5.56,5.79
2019-11-07,5.56,5.79
2019-11-08,5.56,5.79
2019-11-09,5.55,5.79
2019-11-10,5.55,5.79
2019-11-11,5.56,5.79
2019-11-12,5.56,5.77
2019-11-13,5.56,5.76
2019-11-14,5.56,5.76
2019-11-15,5.58,5.75
2019-11-16,5.57,5.74
2019-11-17,5.57,5.74
2019-11-18,5.59,5.74
2019-11-19,5.61,5.76
2019-11-20,5.58,5.73
2019-11-21,5.58,5.72
2019-11-22,5.59,5.72
2019-11-23,5.57,5.71
2019-11-24,5.57,5.71
2019-11-25,5.59,5.72
2019-11-26,5.59,5.72
2019-11-27,5.59,5.72
2019-11-28,5.62,5.75
2019-11-29,5.62,5.76
2019-11-30,5.62,5.76
2019-12-01,5.62,5.76
2019-12-02,5.63,5.76
2019-12-03,5.6,5.74
2019-12-04,5.6,5.73
2019-12-05,5.6,5.73
2019-12-06,5.6,5.73
2019-12-07,5.59,5.73
2019-12-08,5.59,5.73
2019-12-09,5.6,5.73
2019-12-10,5.6,5.73
2019-12-11,5.6,5.73
2019-12-12,5.6,5.73
2019-12-13,5.56,5.7
2019-12-14,5.54,5.68
2019-12-15,5.54,5.68
2019-12-16,5.55,5.68
2019-12-17,5.54,5.68
2019-12-18,5.57,5.71
2019-12-19,5.58,5.72
2019-12-20,5.58,5.72
2019-12-21,5.59,5.74
2019-12-22,5.59,5.74
2019-12-23,5.59,5.75
2019-12-24,5.59,5.75
2019-12-25,5.58,5.76
2019-12-26,5.58,5.76
2019-12-27,5.58,5.76
2019-12-28,5.58,5.76
2019-12-29,5.57,5.75
2019-12-30,5.58,5.76
2019-12-31,5.58,5.76
2020-01-01,5.27,5.45
2020-01-02,5.28,5.45
2020-01-03,5.27,5.44
2020-01-04,5.27,5.44
2020-01-05,5.27,5.44
2020-01-06,5.27,5.44
2020-01-07,5.29,5.47
2020-01-08,5.3,5.48
2020-01-09,5.31,5.49
2020-01-10,5.31,5.5
2020-01-11,5.31,5.5
2020-01-12,5.32,5.5
2020-01-13,5.33,5.51
2020-01-14,5.33,5.51
2020-01-15,5.33,5.51
2020-01-16,5.33,5.52
2020-01-17,5.31,5.5
2020-01-18,5.3,5.49
2020-01-19,5.3,5.49
2020-01-20,5.3,5.49
2020-01-21,5.29,5.48
2020-01-22,5.29,5.47
2020-01-23,5.29,5.47
2020-01-24,5.27,5.45
2020-01-25,5.27,5.44
2020-01-26,5.27,5.44
2020-01-27,5.26,5.43
2020-01-28,5.22,5.39
2020-01-29,5.21,5.37
2020-01-30,5.21,5.37
2020-01-31,5.22,5.37
2020-02-01,5.21,5.37
2020-02-02,5.21,5.37
2020-02-03,5.22,5.37
2020-02-04,5.22,5.34
2020-02-05,5.21,5.32
2020-02-06,5.19,5.3
2020-02-07,5.19,5.29
2020-02-08,5.17,5.29
2020-02-09,5.17,5.29
2020-02-10,5.17,5.28
2020-02-11,5.17,5.27
2020-02-12,5.13,5.24
2020-02-13,5.12,5.23
2020-02-14,5.12,5.23
2020-02-15,5.1,5.22
2020-02-16,5.1,5.22
2020-02-17,5.14,5.25
2020-02-18,5.15,5.26
2020-02-19,5.15,5.26
2020-02-20,5.15,5.26
2020-02-21,5.18,5.29
2020-02-22,5.17,5.29
2020-02-23,5.17,5.29
2020-02-24,5.18,5.3
2020-02-25,5.18,5.3
2020-02-26,5.14,5.26
2020-02-27,5.13,5.25
2020-02-28,5.13,5.25
2020-02-29,5.12,5.24
2020-03-01,5.12,5.24
2020-03-02,5.09,5.21
2020-03-03,5.08,5.2
2020-03-04,5.08,5.2
2020-03-05,5.08,5.2
2020-03-06,5.06,5.2
2020-03-07,5.04,5.19
2020-03-08,5.04,5.19
2020-03-09,5.05,5.2
2020-03-10,4.98,5.12
2020-03-11,4.96,5.1
2020-03-12,4.92,5.06
2020-03-13,4.91,5.05
2020-03-14,4.83,4.99
2020-03-15,4.8,4.95
2020-03-16,4.8,4.95
2020-03-17,4.79,4.94
2020-03-18,4.76,4.91
2020-03-19,4.75,4.9
2020-03-20,4.68,4.83
2020-03-21,4.64,4.79
2020-03-22,4.64,4.79
2020-03-23,4.65,4.8
2020-03-24,4.64,4.79
2020-03-25,4.61,4.76
2020-03-26,4.6,4.75
2020-03-27,4.59,4.75
2020-03-28,4.58,4.74
2020-03-29,4.58,4.74
2020-03-30,4.59,4.74
2020-03-31,4.59,4.74
2020-04-01,4.57,4.74
2020-04-02,4.57,4.74
2020-04-03,4.57,4.74
2020-04-04,4.57,4.74
2020-04-05,4.57,4.74
2020-04-06,4.57,4.74
2020-04-07,4.56,4.74
2020-04-08,4.56,4.74
2020-04-09,4.56,4.74
2020-04-10,4.56,4.73
2020-04-11,4.53,4.71
2020-04-12,4.53,4.71
2020-04-13,4.53,4.71
2020-04-14,4.52,4.71
2020-04-15,4.52,4.71
2020-04-16,4.52,4.71
2020-04-17,4.52,4.71
2020-04-18,4.52,4.71
2020-04-19,4.52,4.71
2020-04-20,4.52,4.71
2020-04-21,4.52,4.71
2020-04-22,4.51,4.71
2020-04-23,4.44,4.64
2020-04-24,4.43,4.62
2020-04-25,4.43,4.62
2020-04-26,4.43,4.62
2020-04-27,4.42,4.62
2020-04-28,4.38,4.58
2020-04-29,4.36,4.56
2020-04-30,4.3,4.49
2020-05-01,4.27,4.47
2020-05-02,4.27,4.47
2020-05-03,4.28,4.47
2020-05-04,4.27,4.47
2020-05-05,4.27,4.47
2020-05-06,4.27,4.47
2020-05-07,4.27,4.47
2020-05-08,4.27,4.47
2020-05-09,4.27,4.47
2020-05-10,4.27,4.47
2020-05-11,4.27,4.47
2020-05-12,4.27,4.47
2020-05-13,4.27,4.47
2020-05-14,4.27,4.47
2020-05-15,4.27,4.47
2020-05-16,4.27,4.47
2020-05-17,4.27,4.47
2020-05-18,4.27,4.47
2020-05-19,4.27,4.47
2020-05-20,4.27,4.47
2020-05-21,4.27,4.47
2020-05-22,4.27,4.47
2020-05-23,4.27,4.47
2020-05-24,4.27,4.47
2020-05-25,4.27,4.47
2020-05-26,4.27,4.47
2020-05-27,4.27,4.47
2020-05-28,4.27,4.47
2020-05-29,4.27,4.47
2020-05-30,4.27,4.47
2020-05-31,4.27,4.47
2020-06-01,4.27,4.47
2020-06-02,4.27,4.47
2020-06-03,4.29,4.47
2020-06-04,4.3,4.48
2020-06-05,4.29,4.47
2020-06-06,4.28,4.47
2020-06-07,4.28,4.47
2020-06-08,4.29,4.48
2020-06-09,4.32,4.51
2020-06-10,4.33,4.52
2020-06-11,4.33,4.52
2020-06-12,4.34,4.54
2020-06-13,4.34,4.54
2020-06-14,4.34,4.54
2020-06-15,4.35,4.55
2020-06-16,4.35,4.55
2020-06-17,4.37,4.55
2020-06-18,4.37,4.55
2020-06-19,4.37,4.55
2020-06-20,4.37,4.55
2020-06-21,4.36,4.55
2020-06-22,4.41,4.55
2020-06-23,4.42,4.55
2020-06-24,4.44,4.58
2020-06-25,4.46,4.59
2020-06-26,4.45,4.58
2020-06-27,4.44,4.58
2020-06-28,4.44,4.58
2020-06-29,4.45,4.58
2020-06-30,4.44,4.58
2020-07-01,4.44,4.58
2020-07-02,4.44,4.58
2020-07-03,4.44,4.58
2020-07-04,4.43,4.58
2020-07-05,4.43,4.58
2020-07-06,4.47,4.61
2020-07-07,4.47,4.62
2020-07-08,4.47,4.62
2020-07-09,4.47,4.62
2020-07-10,4.5,4.62
2020-07-11,4.49,4.61
2020-07-12,4.49,4.61
2020-07-13,4.51,4.62
2020-07-14,4.53,4.64
2020-07-15,4.54,4.65
2020-07-16,4.53,4.65
2020-07-17,4.53,4.65
2020-07-18,4.52,4.65
2020-07-19,4.52,4.65
2020-07-20,4.53,4.65
2020-07-21,4.53,4.63
2020-07-22,4.54,4.63
2020-07-23,4.55,4.65
2020-07-24,4.56,4.65
2020-07-25,4.55,4.65
2020-07-26,4.55,4.65
2020-07-27,4.56,4.65
2020-07-28,4.54,4.63
2020-07-29,4.53,4.62
2020-07-30,4.53,4.62
2020-07-31,4.53,4.62
2020-08-01,4.51,4.61
2020-08-02,4.51,4.61
2020-08-03,4.5,4.59
2020-08-04,4.5,4.59
2020-08-05,4.5,4.59
2020-08-06,4.5,4.59
2020-08-07,4.52,4.62
2020-08-08,4.52,4.62
2020-08-09,4.52,4.62
2020-08-10,4.53,4.63
2020-08-11,4.53,4.63
2020-08-12,4.53,4.63
2020-08-13,4.53,4.63
2020-08-14,4.53,4.63
2020-08-15,4.51,4.62
2020-08-16,4.51,4.62
2020-08-17,4.53,4.62
2020-08-18,4.5,4.6
2020-08-19,4.49,4.59
2020-08-20,4.49,4.59
2020-08-21,4.48,4.57
2020-08-22,4.44,4.55
2020-08-23,4.43,4.54
2020-08-24,4.43,4.53
2020-08-25,4.42,4.53
2020-08-26,4.44,4.53
2020-08-27,4.46,4.53
2020-08-28,4.46,4.53
2020-08-29,4.45,4.52
2020-08-30,4.45,4.52
2020-08-31,4.45,4.52
2020-09-01,4.46,4.53
2020-09-02,4.46,4.53
2020-09-03,4.47,4.53
2020-09-04,4.47,4.5
2020-09-05,4.45,4.49
2020-09-06,4.45,4.49
2020-09-07,4.45,4.5
2020-09-08,4.46,4.5
2020-09-09,4.47,4.47
2020-09-10,4.47,4.43
2020-09-11,4.47,4.42
2020-09-12,4.46,4.4
2020-09-13,4.46,4.4
2020-09-14,4.44,4.38
2020-09-15,4.43,4.36
2020-09-16,4.42,4.34
2020-09-17,4.42,4.34
2020-09-18,4.42,4.34
2020-09-19,4.42,4.34
2020-09-20,4.42,4.34
2020-09-21,4.42,4.35
2020-09-22,4.44,4.35
2020-09-23,4.43,4.34
2020-09-24,4.43,4.34
2020-09-25,4.43,4.34
2020-09-26,4.43,4.34
2020-09-27,4.43,4.34
2020-09-28,4.45,4.38
2020-09-29,4.45,4.38
2020-09-30,4.48,4.41
2020-10-01,4.49,4.41
2020-10-02,4.51,4.41
2020-10-03,4.51,4.41
2020-10-04,4.52,4.41
2020-10-05,4.52,4.41
2020-10-06,4.52,4.42
2020-10-07,4.54,4.41
2020-10-08,4.55,4.45
2020-10-09,4.55,4.45
2020-10-10,4.55,4.44
2020-10-11,4.55,4.44
2020-10-12,4.58,4.47
2020-10-13,4.58,4.48
2020-10-14,4.58,4.48
2020-10-15,4.58,4.47
2020-10-16,4.58,4.47
2020-10-17,4.57,4.47
2020-10-18,4.57,4.47
2020-10-19,4.56,4.47
2020-10-20,4.58,4.49
2020-10-21,4.59,4.51
2020-10-22,4.59,4.51
2020-10-23,4.59,4.51
2020-10-24,4.55,4.47
2020-10-25,4.56,4.48
2020-10-26,4.55,4.46
2020-10-27,4.54,4.46
2020-10-28,4.52,4.43
2020-10-29,4.51,4.42
2020-10-30,4.5,4.42
2020-10-31,4.49,4.41
2020-11-01,4.49,4.41
2020-11-02,4.47,4.38
2020-11-03,4.46,4.38
2020-11-04,4.46,4.38
2020-11-05,4.46,4.41
2020-11-06,4.46,4.41
2020-11-07,4.45,4.41
2020-11-08,4.45,4.41
2020-11-09,4.44,4.41
2020-11-10,4.44,4.41
2020-11-11,4.47,4.44
2020-11-12,4.47,4.44
2020-11-13,4.49,4.47
2020-11-14,4.5,4.47
2020-11-15,4.5,4.47
2020-11-16,4.49,4.48
2020-11-17,4.49,4.47
2020-11-18,4.52,4.5
2020-11-19,4.52,4.51
2020-11-20,4.55,4.53
2020-11-21,4.54,4.54
2020-11-22,4.54,4.54
2020-11-23,4.56,4.54
2020-11-24,4.58,4.57
2020-11-25,4.59,4.58
2020-11-26,4.62,4.61
2020-11-27,4.62,4.62
2020-11-28,4.61,4.62
2020-11-29,4.61,4.62
2020-11-30,4.62,4.62
2020-12-01,4.62,4.62
2020-12-02,4.62,4.62
2020-12-03,4.61,4.65
2020-12-04,4.61,4.65
2020-12-05,4.6,4.65
2020-12-06,4.6,4.65
2020-12-07,4.61,4.65
2020-12-08,4.64,4.68
2020-12-09,4.64,4.68
2020-12-10,4.64,4.71
2020-12-11,4.65,4.72
2020-12-12,4.63,4.71
2020-12-13,4.63,4.71
2020-12-14,4.68,4.76
2020-12-15,4.7,4.77
2020-12-16,4.7,4.77
2020-12-17,4.73,4.8
2020-12-18,4.73,4.8
2020-12-19,4.72,4.8
2020-12-20,4.72,4.8
2020-12-21,4.73,4.8
2020-12-22,4.74,4.83
2020-12-23,4.75,4.83
2020-12-24,4.75,4.83
2020-12-25,4.75,4.83
2020-12-26,4.73,4.83
2020-12-27,4.73,4.83
2020-12-28,4.75,4.83
2020-12-29,4.75,4.83
2020-12-30,4.75,4.83
2020-12-31,4.75,4.83
2021-01-01,4.79,4.87
2021-01-02,4.78,4.87
2021-01-03,4.78,4.87
2021-01-04,4.79,4.87
2021-01-05,4.79,4.87
2021-01-06,4.78,4.86
2021-01-07,4.78,4.87
2021-01-08,4.81,4.89
2021-01-09,4.81,4.9
2021-01-10,4.81,4.9
2021-01-11,4.82,4.9
2021-01-12,4.85,4.93
2021-01-13,4.87,4.96
2021-01-14,4.89,4.97
2021-01-15,4.91,4.98
2021-01-16,4.9,4.98
2021-01-17,4.9,4.98
2021-01-18,4.92,4.98
2021-01-19,4.93,4.98
2021-01-20,4.97,5.01
2021-01-21,4.98,5.02
2021-01-23,5.01,5.02
2021-01-24,5.01,5.02
2021-01-26,4.99,5.01
2021-01-28,4.98,4.99
2021-01-29,4.98,4.99
2021-01-30,4.98,4.99
2021-01-31,4.98,4.99
2021-02-01,4.98,4.99
2021-02-02,4.98,4.99
2021-02-03,5.01,5.02
2021-02-04,5.01,5.03
2021-02-05,5.03,5.05
2021-02-06,5.04,5.06
2021-02-07,5.04,5.06
2021-02-08,5.04,5.06
2021-02-09,5.07,5.08
2021-02-10,5.08,5.09
2021-02-11,5.11,5.12
2021-02-12,5.11,5.13
2021-02-13,5.11,5.12
2021-02-14,5.11,5.12
2021-02-15,5.13,5.14
2021-02-16,5.14,5.15
2021-02-17,5.13,5.14
2021-02-18,5.15,5.16
2021-02-19,5.18,5.19
2021-02-20,5.19,5.2
2021-02-21,5.19,5.21
2021-02-22,5.23,5.24
2021-02-23,5.24,5.25
2021-02-24,5.25,5.26
2021-02-25,5.25,5.26
2021-02-26,5.28,5.29
2021-02-27,5.29,5.3
2021-02-28,5.29,5.3
2021-03-01,5.29,5.3
2021-03-02,5.29,5.3
2021-03-03,5.29,5.3
2021-03-04,5.29,5.3
2021-03-05,5.31,5.31
2021-03-06,5.31,5.31
2021-03-07,5.31,5.31
2021-03-08,5.34,5.35
2021-03-09,5.35,5.36
2021-03-10,5.38,5.37
2021-03-11,5.39,5.38
2021-03-12,5.41,5.38
2021-03-13,5.43,5.39
2021-03-14,5.43,5.39
2021-03-15,5.47,5.42
2021-03-16,5.48,5.43
2021-03-17,5.47,5.42
2021-03-18,5.47,5.42
2021-03-19,5.47,5.41
2021-03-20,5.47,5.41
2021-03-21,5.47,5.41
2021-03-22,5.47,5.41
2021-03-23,5.44,5.39
2021-03-24,5.43,5.37
2021-03-25,5.4,5.34
2021-03-26,5.39,5.33
2021-03-27,5.39,5.33
2021-03-28,5.39,5.33
2021-03-29,5.39,5.3
2021-03-30,5.39,5.29
2021-03-31,5.41,5.3
2021-04-01,5.42,5.3
2021-04-02,5.42,5.3
2021-04-03,5.42,5.3
2021-04-04,5.42,5.3
2021-04-05,5.42,5.3
2021-04-06,5.42,5.3
2021-04-07,5.42,5.29
2021-04-08,5.45,5.32
2021-04-09,5.46,5.33
2021-04-10,5.44,5.32
2021-04-11,5.44,5.32
2021-04-12,5.45,5.33
2021-04-13,5.48,5.36
2021-04-14,5.49,5.37
2021-04-15,5.48,5.37
2021-04-16,5.48,5.37
2021-04-17,5.47,5.36
2021-04-18,5.47,5.36
2021-04-19,5.51,5.4
2021-04-20,5.52,5.41
2021-04-21,5.52,5.41
2021-04-22,5.5,5.38
2021-04-23,5.49,5.37
2021-04-24,5.47,5.36
2021-04-25,5.47,5.36
2021-04-26,5.49,5.37
2021-04-27,5.49,5.37
2021-04-28,5.49,5.37
2021-04-29,5.49,5.37
2021-04-30,5.49,5.37
2021-05-01,5.47,5.37
2021-05-02,5.47,5.37
2021-05-03,5.49,5.37
2021-05-04,5.49,5.37
2021-05-05,5.5,5.38
2021-05-06,5.54,5.43
2021-05-07,5.56,5.45
2021-05-08,5.56,5.45
2021-05-09,5.56,5.45
2021-05-10,5.57,5.46
2021-05-11,5.57,5.46
2021-05-12,5.56,5.46
2021-05-13,5.58,5.48
2021-05-14,5.6,5.49
2021-05-15,5.56,5.46
2021-05-16,5.56,5.46
2021-05-17,5.56,5.45
2021-05-18,5.56,5.46
2021-05-19,5.58,5.49
2021-05-20,5.59,5.49
2021-05-21,5.55,5.46
2021-05-22,5.53,5.44
2021-05-23,5.53,5.44
2021-05-24,5.53,5.44
2021-05-25,5.53,5.44
2021-05-26,5.53,5.44
2021-05-27,5.53,5.44
2021-05-28,5.52,5.44
2021-05-29,5.51,5.43
2021-05-30,5.51,5.43
2021-05-31,5.52,5.44
2021-06-01,5.52,5.44
2021-06-02,5.52,5.44
2021-06-03,5.55,5.47
2021-06-04,5.56,5.47
2021-06-05,5.54,5.47
2021-06-06,5.54,5.47
2021-06-07,5.55,5.47
2021-06-08,5.59,5.5
2021-06-09,5.59,5.51
2021-06-10,5.59,5.52
2021-06-11,5.6,5.55
2021-06-12,5.59,5.55
2021-06-13,5.59,5.55
2021-06-14,5.63,5.59
2021-06-15,5.64,5.6
2021-06-16,5.66,5.63
2021-06-17,5.67,5.63
2021-06-18,5.67,5.64
2021-06-19,5.66,5.62
2021-06-20,5.66,5.62
2021-06-21,5.66,5.63
2021-06-22,5.67,5.63
2021-06-23,5.7,5.66
2021-06-24,5.71,5.67
2021-06-25,5.71,5.68
2021-06-26,5.7,5.67
2021-06-27,5.7,5.67
2021-06-28,5.71,5.68
2021-06-29,5.74,5.71
2021-06-30,5.74,5.71
2021-07-01,5.74,5.71
2021-07-02,5.73,5.71
2021-07-03,5.72,5.71
2021-07-04,5.72,5.71
2021-07-05,5.76,5.74
2021-07-06,5.77,5.75
2021-07-07,5.8,5.79
2021-07-08,5.8,5.78
2021-07-09,5.8,5.77
2021-07-10,5.8,5.76
2021-07-11,5.8,5.76
2021-07-12,5.79,5.76
2021-07-13,5.8,5.76
2021-07-14,5.82,5.76
2021-07-15,5.83,5.78
2021-07-16,5.85,5.79
2021-07-17,5.87,5.79
2021-07-18,5.87,5.79
2021-07-19,5.86,5.79
2021-07-20,5.86,5.78
2021-07-21,5.86,5.77
2021-07-22,5.86,5.77
2021-07-23,5.86,5.77
2021-07-24,5.86,5.77
2021-07-25,5.87,5.78
2021-07-26,5.9,5.81
2021-07-27,5.9,5.81
2021-07-28,5.9,5.81
2021-07-29,5.92,5.8
2021-07-30,5.94,5.81
2021-07-31,5.94,5.81
2021-08-01,5.94,5.81
2021-08-02,5.96,5.8
2021-08-03,5.97,5.81
2021-08-04,5.97,5.8
2021-08-05,5.96,5.79
2021-08-06,5.94,5.77
2021-08-07,5.92,5.76
2021-08-08,5.92,5.76
2021-08-09,5.91,5.76
2021-08-10,5.91,5.76
2021-08-11,5.88,5.73
2021-08-12,5.88,5.72
2021-08-13,5.88,5.72
2021-08-14,5.88,5.72
2021-08-15,5.88,5.72
2021-08-16,5.88,5.73
2021-08-17,5.88,5.73
2021-08-18,5.86,5.71
2021-08-19,5.85,5.7
2021-08-20,5.85,5.7
2021-08-21,5.82,5.67
2021-08-22,5.82,5.67
2021-08-23,5.81,5.67
2021-08-24,5.8,5.66
2021-08-25,5.8,5.66
2021-08-26,5.8,5.68
2021-08-27,5.81,5.69
2021-08-28,5.81,5.69
2021-08-29,5.81,5.69
2021-08-30,5.81,5.69
2021-08-31,5.83,5.72
2021-09-01,5.84,5.73
2021-09-02,5.87,5.75
2021-09-03,5.87,5.77
2021-09-04,5.87,5.77
2021-09-05,5.87,5.77
2021-09-06,5.89,5.79
2021-09-07,5.91,5.8
2021-09-08,5.93,5.8
2021-09-09,5.94,5.81
2021-09-10,5.94,5.8
2021-09-11,5.94,5.8
2021-09-12,5.94,5.8
2021-09-13,5.94,5.8
2021-09-14,5.97,5.83
2021-09-15,5.98,5.84
2021-09-16,6.01,5.84
2021-09-22,5.98,5.84
2021-09-23,5.96,5.84
2021-09-24,5.96,5.87
2021-09-25,5.96,5.88
2021-09-26,5.96,5.88
2021-09-27,5.96,5.88
2021-09-28,5.98,5.91
2021-09-29,5.99,5.93
2021-09-30,5.99,5.94
2021-10-01,6.02,5.98
2021-10-02,6.03,5.99
2021-10-03,6.03,5.99
2021-10-04,6.06,6.02
2021-10-05,6.07,6.03
2021-10-06,6.09,6.06
2021-10-07,6.13,6.1
2021-10-08,6.15,6.11
2021-10-09,6.14,6.11
2021-10-10,6.14,6.11
2021-10-11,6.18,6.15
2021-10-12,6.2,6.16
2021-10-13,6.24,6.2
2021-10-14,6.25,6.22
2021-10-15,6.26,6.23
2021-10-16,6.26,6.22
2021-10-17,6.26,6.22
2021-10-18,6.3,6.27
2021-10-19,6.33,6.29
2021-10-20,6.34,6.32
2021-10-21,6.34,6.35
2021-10-22,6.34,6.38
2021-10-23,6.33,6.38
2021-10-24,6.33,6.38
2021-10-25,6.31,6.39
2021-10-26,6.31,6.39
2021-10-27,6.33,6.42
2021-10-28,6.34,6.43
2021-10-29,6.34,6.43
2021-10-30,6.33,6.42
2021-10-31,6.33,6.42
2021-11-01,6.34,6.4
2021-11-02,6.34,6.4
2021-11-03,6.34,6.39
2021-11-04,6.34,6.37
2021-11-05,6.31,6.34
2021-11-06,6.29,6.32
2021-11-07,6.29,6.32
2021-11-08,6.31,6.32
2021-11-09,6.31,6.32
2021-11-10,6.28,6.32
2021-11-11,6.27,6.32
2021-11-12,6.24,6.32
2021-11-13,6.19,6.31
2021-11-14,6.19,6.31
2021-11-15,6.2,6.31
2021-11-16,6.19,6.29
2021-11-17,6.19,6.29
2021-11-18,6.19,6.29
2021-11-19,6.19,6.27
2021-11-20,6.17,6.24
2021-11-21,6.17,6.24
2021-11-22,6.18,6.25
2021-11-23,6.16,6.22
2021-11-24,6.14,6.21
2021-11-25,6.14,6.21
2021-11-26,6.14,6.21
2021-11-27,6.13,6.2
2021-11-28,6.13,6.2
2021-11-29,6.13,6.2
2021-11-30,6.07,6.14
2021-12-01,6.05,6.11
2021-12-02,6.06,6.12
2021-12-03,6.06,6.12
2021-12-04,6.02,6.09
2021-12-05,6.01,6.08
2021-12-06,6.01,6.07
2021-12-08,6.01,6.06
2021-12-10,6.02,6.05
2021-12-11,6.01,6.04
2021-12-12,6.01,6.04
2021-12-13,6.02,6.05
2021-12-14,6.03,6.05
2021-12-15,6.04,6.05
2021-12-16,6.04,6.04
2021-12-17,6.04,6.03
2021-12-18,6.03,6.03
2021-12-19,6.02,6.02
2021-12-20,6.03,6.02
2021-12-21,6.03,6.02
2021-12-27,6.04,6.03
2021-12-28,6.08,6.05
2021-12-29,6.1,6.06
2021-12-30,6.12,6.07
2021-12-31,6.12,6.07
2022-01-01,6.16,6.11
2022-01-02,6.18,6.13
2022-01-03,6.19,6.13
2022-01-04,6.2,6.14
2022-01-05,6.21,6.15
2022-01-06,6.25,6.19
2022-01-07,6.29,6.23
2022-01-08,6.28,6.23
2022-01-09,6.28,6.23
2022-01-10,6.33,6.27
2022-01-11,6.34,6.28
2022-01-12,6.37,6.29
2022-01-13,6.39,6.33
2022-01-14,6.4,6.33
2022-01-15,6.4,6.34
2022-01-16,6.4,6.34
2022-01-17,6.45,6.39
2022-01-18,6.46,6.41
2022-01-19,6.5,6.45
2022-01-20,6.51,6.46
2022-01-21,6.53,6.48
2022-01-22,6.54,6.49
2022-01-23,6.54,6.5
2022-01-24,6.57,6.5
2022-01-25,6.59,6.52
2022-01-26,6.59,6.53
2022-01-27,6.63,6.57
2022-01-28,6.66,6.61
2022-01-29,6.67,6.62
2022-01-30,6.67,6.63
2022-01-31,6.67,6.62
2022-02-01,6.69,6.65
2022-02-02,6.7,6.65
2022-02-03,6.71,6.66
2022-02-04,6.74,6.69
2022-02-05,6.75,6.7
2022-02-06,6.75,6.7
2022-02-07,6.79,6.74
2022-02-08,6.81,6.77
2022-02-09,6.84,6.79
2022-02-10,6.85,6.8
2022-02-11,6.86,6.83
2022-02-12,6.86,6.84
2022-02-13,6.86,6.84
2022-02-14,6.9,6.88
2022-02-15,6.92,6.91
2022-02-16,6.96,6.94
2022-02-17,6.97,6.96
2022-02-18,6.98,6.97
2022-02-19,6.98,6.97
2022-02-20,6.98,6.97
2022-02-21,6.98,6.98
2022-02-22,6.98,7.01
2022-02-23,6.98,7.03
2022-02-24,7.01,7.07
2022-02-25,7.02,7.08
2022-02-26,7.05,7.11
2022-02-27,7.07,7.13
2022-02-28,7.07,7.13
2022-03-01,7.08,7.14
2022-03-02,7.08,7.17
2022-03-03,7.13,7.23
2022-03-04,7.16,7.26
2022-03-05,7.17,7.27
2022-03-06,7.22,7.32
2022-03-07,7.25,7.35
2022-03-08,7.35,7.45
2022-03-09,7.55,7.67
2022-03-10,7.99,8.08
2022-03-16,7.97,8.06
2022-03-17,7.89,7.98
2022-03-18,7.79,7.97
2022-03-19,7.77,7.99
2022-03-20,7.77,7.99
2022-03-22,7.77,8.04
2022-03-23,7.77,8.12
2022-03-24,7.76,8.16
2022-03-25,7.83,8.24
2022-03-26,7.85,8.26
2022-03-27,7.85,8.31
2022-03-28,7.85,8.34
2022-03-29,7.87,8.35
2022-03-30,7.88,8.35
2022-03-31,7.85,8.35
2022-04-01,7.84,8.37
2022-04-02,7.82,8.37
2022-04-03,7.81,8.38
2022-04-04,7.79,8.38
2022-04-05,7.76,8.38
2022-04-06,7.75,8.41
2022-04-07,7.74,8.42
2022-04-08,7.72,8.41
2022-04-09,7.72,8.4
2022-04-10,7.72,8.4
2022-04-11,7.72,8.4
2022-04-12,7.71,8.4
2022-04-13,7.71,8.4
2022-04-14,7.71,8.4
2022-04-15,7.71,8.43
2022-04-16,7.71,8.44
2022-04-17,7.71,8.44
2022-04-18,7.71,8.47
2022-04-19,7.71,8.49
2022-04-20,7.71,8.52
2022-04-21,7.71,8.54
2022-04-22,7.71,8.56
2022-04-23,7.71,8.56
2022-04-24,7.71,8.57
2022-04-25,7.71,8.57
2022-04-26,7.7,8.56
2022-04-27,7.68,8.54
2022-04-28,7.68,8.57
2022-04-29,7.7,8.58
2022-04-30,7.73,8.61
2022-05-01,7.74,8.62
2022-05-02,7.75,8.62
2022-05-03,7.77,8.65
2022-05-04,7.81,8.69
2022-05-05,7.82,8.7
2022-05-06,7.86,8.73
2022-05-07,7.87,8.75
2022-05-08,7.88,8.76
2022-05-09,7.95,8.83
2022-05-10,7.97,8.82
2022-05-11,7.99,8.83
2022-05-12,7.99,8.83
2022-05-13,8.02,8.83
2022-05-14,8.03,8.83
2022-05-15,8.03,8.83
2022-05-16,8.06,8.83
2022-05-17,8.09,8.83
2022-05-18,8.1,8.83
2022-05-19,8.14,8.83
2022-05-20,8.15,8.83
2022-05-21,8.15,8.83
2022-05-22,8.15,8.83
2022-05-23,8.15,8.82
2022-05-24,8.18,8.83
2022-05-25,8.19,8.82
2022-05-26,8.19,8.82
2022-05-27,8.22,8.82
2022-05-28,8.23,8.84
2022-05-29,8.23,8.84
2022-05-30,8.27,8.86
2022-05-31,8.3,8.86
2022-06-01,8.31,8.89
2022-06-02,8.31,8.9
2022-06-03,8.34,8.93
2022-06-04,8.35,8.94
2022-06-05,8.36,8.96
2022-06-06,8.38,8.98
2022-06-07,8.42,9.01
2022-06-08,8.49,9.09
2022-06-09,8.5,9.1
2022-06-10,8.54,9.11
2022-06-11,8.55,9.11
2022-06-12,8.59,9.15
2022-06-13,8.62,9.18
2022-06-14,8.63,9.19
2022-06-15,8.64,9.2
2022-06-16,8.67,9.23
2022-06-17,8.68,9.23
2022-06-18,8.66,9.24
2022-06-19,8.66,9.24
2022-06-20,8.65,9.24
2022-06-21,8.65,9.24
2022-06-22,8.65,9.23
2022-06-23,8.65,9.22
2022-06-24,8.65,9.22
2022-06-25,8.65,9.22
2022-06-26,8.65,9.22
2022-06-27,8.65,9.22
2022-06-28,8.65,9.22
2022-06-29,8.65,9.22
2022-06-30,8.65,9.22
2022-07-01,8.17,8.73
2022-07-02,8.17,8.74
2022-07-03,8.18,8.75
2022-07-04,8.15,8.72
2022-07-05,8.15,8.72
2022-07-06,8.16,8.73
2022-07-07,8.15,8.72
2022-07-08,8.15,8.72
2022-07-09,8.15,8.72
2022-07-10,8.15,8.72
2022-07-11,8.15,8.72
2022-07-12,8.15,8.72
2022-07-13,8.15,8.72
2022-07-14,8.15,8.72
2022-07-15,8.13,8.72
2022-07-16,8.12,8.72
2022-07-17,8.1,8.72
2022-07-18,8.08,8.72
2022-07-19,8.08,8.72
2022-07-20,8.08,8.72
2022-07-21,7.97,8.61
2022-07-22,7.93,8.57
2022-07-23,7.93,8.57
2022-07-24,7.93,8.57
2022-07-25,7.93,8.57
2022-07-26,7.91,8.56
2022-07-27,7.89,8.54
2022-07-28,7.88,8.52
2022-07-29,7.87,8.52
2022-07-30,7.87,8.52
2022-07-31,7.87,8.52
2022-08-01,7.87,8.51
2022-08-02,7.85,8.47
2022-08-03,7.79,8.41
2022-08-04,7.75,8.38
2022-08-05,7.74,8.38
2022-08-06,7.73,8.38
2022-08-07,7.73,8.38
2022-08-08,7.66,8.31
2022-08-09,7.62,8.27
2022-08-10,7.6,8.2
2022-08-11,7.58,8.18
2022-08-12,7.58,8.18
2022-08-13,7.58,8.18
2022-08-14,7.58,8.18
2022-08-15,7.58,8.18
2022-08-16,7.58,8.18
2022-08-17,7.55,8.18
2022-08-18,7.52,8.17
2022-08-19,7.5,8.17
2022-08-20,7.48,8.17
2022-08-21,7.48,8.17
2022-08-22,7.48,8.2
2022-08-23,7.48,8.21
2022-08-24,7.48,8.24
2022-08-25,7.5,8.26
2022-08-26,7.51,8.32
2022-08-27,7.51,8.33
2022-08-28,7.51,8.33
2022-08-29,7.5,8.33
2022-08-30,7.5,8.36
2022-08-31,7.49,8.37
2022-09-01,7.47,8.37
2022-09-02,7.39,8.37
2022-09-03,7.37,8.37
2022-09-04,7.36,8.37
2022-09-05,7.29,8.37
2022-09-06,7.26,8.4
2022-09-07,7.25,8.41
2022-09-08,7.25,8.41
2022-09-09,7.25,8.41
2022-09-10,7.24,8.41
2022-09-11,7.23,8.41
2022-09-12,7.23,8.41
2022-09-13,7.23,8.44
2022-09-14,7.22,8.45
2022-09-15,7.12,8.35
2022-09-16,7.07,8.3
2022-09-17,6.99,8.22
2022-09-18,6.92,8.15
2022-09-19,6.92,8.15
2022-09-20,6.85,8.15
2022-09-21,6.82,8.15
2022-09-22,6.75,8.08
2022-09-23,6.72,8.05
2022-09-24,6.72,8.05
2022-09-25,6.72,8.05
2022-09-26,6.72,8.05
2022-09-27,6.64,7.98
2022-09-28,6.61,7.95
2022-09-29,6.61,7.95
2022-09-30,6.6,7.95
2022-10-01,6.6,7.95
2022-10-02,6.6,7.95
2022-10-03,6.6,7.95
2022-10-04,6.6,7.95
2022-10-05,6.6,7.95
2022-10-06,6.6,7.95
2022-10-07,6.63,8.02
2022-10-08,6.64,8.04
2022-10-09,6.65,8.05
2022-10-10,6.66,8.06
2022-10-11,6.73,8.13
2022-10-12,6.76,8.17
2022-10-13,6.78,8.17
2022-10-14,6.79,8.23
2022-10-15,6.8,8.25
2022-10-16,6.8,8.25
2022-10-17,6.86,8.31
2022-10-18,6.88,8.33
2022-10-19,6.9,8.37
2022-10-20,6.92,8.39
2022-10-21,6.94,8.41
2022-10-22,6.97,8.44
2022-10-23,6.98,8.45
2022-10-24,6.98,8.45
2022-10-26,7.02,8.46
2022-10-27,7.02,8.46
2022-10-28,7.04,8.46
2022-10-29,7.05,8.46
2022-10-30,7.05,8.46
2022-10-31,7.06,8.46
2022-11-01,7.06,8.46
2022-11-02,7.06,8.46
2022-11-03,7.09,8.46
2022-11-04,7.12,8.49
2022-11-05,7.13,8.5
2022-11-06,7.14,8.5
2022-11-07,7.16,8.53
2022-11-08,7.2,8.57
2022-11-09,7.21,8.58
2022-11-10,7.22,8.58
2022-11-11,7.22,8.57
2022-11-12,7.23,8.56
2022-11-13,7.23,8.56
2022-11-14,7.25,8.56
2022-11-15,7.25,8.55
2022-11-16,7.25,8.53
2022-11-17,7.22,8.49
2022-11-18,7.21,8.47
2022-11-19,7.19,8.44
2022-11-20,7.19,8.43
2022-11-21,7.16,8.39
2022-11-22,7.13,8.35
2022-11-23,7.05,8.27
2022-11-24,7.04,8.25
2022-11-26,6.98,8.2
2022-11-27,6.98,8.2
2022-11-28,6.98,8.2
2022-11-29,6.94,8.13
2022-11-30,6.84,8.02
2022-12-01,6.79,7.97
2022-12-02,6.79,7.97
2022-12-03,6.79,7.97
2022-12-04,6.79,7.97
2022-12-05,6.79,7.97
2022-12-06,6.69,7.87
2022-12-07,6.54,7.72
2022-12-08,6.35,7.49
2022-12-09,6.34,7.47
2022-12-10,6.23,7.36
2022-12-11,6.2,7.33
2022-12-12,6.2,7.33
2022-12-13,6.19,7.33
2022-12-14,6.19,7.32
2022-12-15,6.19,7.32
2022-12-16,6.19,7.32
2022-12-17,6.19,7.32
2022-12-18,6.19,7.32
2022-12-19,6.19,7.32
2022-12-20,6.09,7.23
2022-12-21,6.08,7.23
2022-12-22,6.04,7.19
2022-12-23,6.02,7.17
2022-12-24,6.02,7.17
2022-12-25,6.02,7.17
2022-12-26,6.02,7.17
2022-12-27,6.02,7.17
2022-12-28,6.02,7.17
2022-12-29,6.02,7.17
2022-12-30,6.02,7.17
2022-12-31,6.02,7.17
2023-01-01,6.4,7.57
2023-01-02,6.38,7.55
2023-01-03,6.38,7.55
2023-01-04,6.37,7.55
2023-01-05,6.37,7.55
2023-01-06,6.36,7.54
2023-01-07,6.34,7.52
2023-01-08,6.33,7.52
2023-01-09,6.33,7.51
2023-01-10,6.32,7.51
2023-01-11,6.32,7.51
2023-01-12,6.32,7.51
2023-01-13,6.32,7.51
2023-01-14,6.35,7.54
2023-01-15,6.36,7.55
2023-01-16,6.36,7.55
2023-01-17,6.41,7.59
2023-01-18,6.42,7.61
2023-01-19,6.46,7.61
2023-01-20,6.47,7.65
2023-01-21,6.49,7.65
2023-01-22,6.5,7.65
2023-01-23,6.52,7.65
2023-01-24,6.59,7.72
2023-01-25,6.59,7.74
2023-01-26,6.59,7.74
2023-01-27,6.58,7.74
2023-01-28,6.58,7.74
2023-01-29,6.58,7.74
2023-01-30,6.58,7.74
2023-01-31,6.58,7.74
2023-02-01,6.58,7.71
2023-02-02,6.58,7.7
2023-02-03,6.57,7.69
2023-02-04,6.57,7.64
2023-02-05,6.57,7.64
2023-02-06,6.57,7.63
2023-02-07,6.57,7.54
2023-02-08,6.56,7.45
2023-02-09,6.55,7.44
2023-02-10,6.55,7.43
2023-02-11,6.55,7.4
2023-02-12,6.55,7.38
2023-02-13,6.55,7.38
2023-02-14,6.59,7.38
2023-02-15,6.59,7.38
2023-02-16,6.6,7.38
2023-02-17,6.59,7.38
2023-02-18,6.59,7.38
2023-02-19,6.59,7.38
2023-02-20,6.58,7.38
2023-02-21,6.58,7.33
2023-02-22,6.58,7.3
2023-02-23,6.58,7.3
2023-02-24,6.56,7.27
2023-02-25,6.56,7.25
2023-02-26,6.56,7.25
2023-02-27,6.56,7.25
2023-02-28,6.56,7.25
2023-03-01,6.56,7.25
2023-03-02,6.6,7.25
2023-03-03,6.61,7.28
2023-03-04,6.61,7.29
2023-03-05,6.61,7.29
2023-03-06,6.64,7.32
2023-03-07,6.65,7.33
2023-03-08,6.68,7.33
2023-03-09,6.69,7.33
2023-03-10,6.68,7.33
2023-03-11,6.68,7.33
2023-03-12,6.68,7.33
2023-03-13,6.68,7.33
2023-03-14,6.68,7.33
2023-03-15,6.68,7.33
2023-03-16,6.67,7.29
2023-03-17,6.64,7.25
2023-03-18,6.62,7.24
2023-03-19,6.62,7.24
2023-03-20,6.61,7.24
2023-03-21,6.6,7.24
2023-03-22,6.6,7.21
2023-03-23,6.61,7.2
2023-03-24,6.64,7.2
2023-03-25,6.64,7.18
2023-03-26,6.65,7.16
2023-03-27,6.68,7.16
2023-03-28,6.67,7.13
2023-03-29,6.68,7.12
2023-03-30,6.71,7.12
2023-03-31,6.69,7.1
2023-04-01,6.7,7.09
2023-04-02,6.7,7.09
2023-04-03,6.7,7.09
2023-04-04,6.73,7.09
2023-04-05,6.77,7.12
2023-04-06,6.78,7.13
2023-04-07,6.81,7.13
2023-04-08,6.82,7.13
2023-04-09,6.82,7.13
2023-04-10,6.85,7.13
2023-04-11,6.86,7.13
2023-04-12,6.89,7.13
2023-04-13,6.89,7.13
2023-04-14,6.88,7.13
2023-04-15,6.88,7.13
2023-04-16,6.88,7.13
2023-04-17,6.88,7.13
2023-04-18,6.88,7.13
2023-04-19,6.87,7.05
2023-04-20,6.85,7.01
2023-04-21,6.81,6.95
2023-04-22,6.72,6.86
2023-04-23,6.71,6.85
2023-04-24,6.57,6.72
2023-04-25,6.59,6.72
2023-04-26,6.6,6.73
2023-04-27,6.61,6.73
2023-04-28,6.62,6.73
2023-04-29,6.63,6.66
2023-04-30,6.63,6.65
2023-05-01,6.63,6.65
2023-05-02,6.63,6.65
2023-05-03,6.63,6.64
2023-05-04,6.55,6.55
2023-05-05,6.45,6.46
2023-05-06,6.45,6.46
2023-05-07,6.45,6.46
2023-05-08,6.44,6.46
2023-05-09,6.44,6.46
2023-05-10,6.44,6.46
2023-05-11,6.44,6.46
2023-05-12,6.46,6.49
2023-05-13,6.47,6.5
2023-05-14,6.47,6.5
2023-05-15,6.47,6.5
2023-05-16,6.42,6.45
2023-05-17,6.42,6.44
2023-05-18,6.42,6.44
2023-05-19,6.45,6.48
2023-05-20,6.46,6.49
2023-05-21,6.46,6.49
2023-05-22,6.46,6.49
2023-05-23,6.46,6.49
2023-05-24,6.46,6.49
2023-05-25,6.5,6.5
2023-05-26,6.52,6.51
2023-05-27,6.53,6.52
2023-05-28,6.53,6.52
2023-05-29,6.53,6.52
2023-05-30,6.56,6.52
2023-05-31,6.56,6.52
2023-06-01,6.54,6.52
2023-06-02,6.54,6.52
2023-06-03,6.54,6.52
2023-06-04,6.54,6.52
2023-06-05,6.54,6.52
2023-06-06,6.54,6.52
2023-06-07,6.59,6.56
2023-06-08,6.6,6.57
2023-06-09,6.63,6.6
2023-06-10,6.65,6.61
2023-06-11,6.65,6.61
2023-06-12,6.66,6.61
2023-06-13,6.69,6.62
2023-06-14,6.69,6.62
2023-06-15,6.7,6.63
2023-06-16,6.71,6.64
2023-06-17,6.72,6.64
2023-06-18,6.72,6.65
2023-06-19,6.74,6.66
2023-06-20,6.77,6.7
2023-06-21,6.77,6.71
2023-06-22,6.78,6.71
2023-06-23,6.78,6.74
2023-06-24,6.77,6.74
2023-06-25,6.76,6.74
2023-06-26,6.76,6.74
2023-06-27,6.75,6.74
2023-06-28,6.75,6.74
2023-06-29,6.74,6.73
2023-06-30,6.72,6.71
2023-07-01,6.71,6.71
2023-07-02,6.71,6.7
2023-07-03,6.71,6.7
2023-07-04,6.71,6.7
2023-07-05,6.71,6.7
2023-07-06,6.71,6.7
2023-07-07,6.71,6.7
2023-07-08,6.71,6.7
2023-07-09,6.71,6.7
2023-07-10,6.7,6.7
2023-07-11,6.7,6.7
2023-07-12,6.7,6.7
2023-07-13,6.7,6.7
2023-07-14,6.7,6.7
2023-07-15,6.7,6.7
2023-07-16,6.7,6.7
2023-07-17,6.7,6.7
2023-07-18,6.7,6.7
2023-07-19,6.7,6.7
2023-07-20,6.7,6.7
2023-07-21,6.7,6.7
2023-07-22,6.7,6.7
2023-07-23,6.7,6.7
2023-07-24,6.7,6.7
2023-07-25,6.74,6.74
2023-07-26,6.76,6.76
2023-07-27,6.77,6.77
2023-07-28,6.82,6.82
2023-07-29,6.83,6.83
2023-07-30,6.83,6.83
2023-07-31,6.87,6.87
2023-08-01,6.93,6.93
2023-08-02,6.95,6.96
2023-08-04,6.96,7.01
2023-08-05,6.96,7.04
2023-08-06,6.96,7.05
2023-08-07,6.96,7.07
2023-08-08,6.96,7.11
2023-08-09,6.96,7.13
2023-08-10,6.96,7.15
2023-08-11,7.02,7.22
2023-08-12,7.11,7.31
2023-08-13,7.13,7.33
2023-08-14,7.13,7.33
2023-08-15,7.17,7.37
2023-08-16,7.2,7.4
2023-08-17,7.22,7.42
2023-08-18,7.23,7.43
2023-08-19,7.23,7.43
2023-08-20,7.25,7.45
2023-08-21,7.25,7.45
2023-08-22,7.24,7.44
2023-08-23,7.24,7.44
2023-08-24,7.23,7.43
2023-08-25,7.22,7.43
2023-08-26,7.22,7.43
2023-08-27,7.22,7.43
2023-08-28,7.22,7.43
2023-08-29,7.22,7.46
2023-08-30,7.22,7.47
2023-08-31,7.22,7.46
2023-09-01,7.22,7.45
2023-09-02,7.21,7.45
2023-09-03,7.22,7.45
2023-09-04,7.21,7.45
2023-09-05,7.21,7.45
2023-09-06,7.21,7.45
2023-09-07,7.21,7.48
2023-09-08,7.21,7.5
2023-09-09,7.21,7.5
2023-09-10,7.21,7.5
2023-09-11,7.25,7.53
2023-09-12,7.26,7.54
2023-09-13,7.29,7.57
2023-09-14,7.29,7.58
2023-09-15,7.29,7.58
2023-09-16,7.3,7.59
2023-09-17,7.3,7.59
2023-09-18,7.3,7.59
2023-09-19,7.3,7.59
2023-09-20,7.32,7.61
2023-09-21,7.35,7.65
2023-09-22,7.37,7.67
2023-09-23,7.37,7.71
2023-09-24,7.37,7.73
2023-09-25,7.37,7.74
2023-09-26,7.36,7.74
2023-09-27,7.34,7.74
2023-09-28,7.31,7.74
2023-09-29,7.31,7.78
2023-09-30,7.31,7.8
2023-10-01,7.3,7.8
2023-10-02,7.26,7.8
2023-10-03,7.26,7.83
2023-10-04,7.25,7.84
2023-10-05,7.21,7.84
2023-10-06,7.2,7.83
2023-10-07,7.12,7.75
2023-10-08,7.12,7.75
2023-10-09,7.11,7.74
2023-10-10,7.1,7.74
2023-10-11,7.1,7.74
2023-10-12,7.08,7.72
2023-10-13,6.99,7.64
2023-10-14,6.99,7.64
2023-10-15,6.99,7.64
2023-10-16,6.99,7.64
2023-10-17,6.99,7.64
2023-10-18,6.98,7.67
2023-10-19,6.98,7.67
2023-10-20,6.98,7.68
2023-10-21,6.98,7.68
2023-10-22,6.98,7.68
2023-10-23,6.98,7.68
2023-10-24,6.98,7.67
2023-10-25,6.98,7.67
2023-10-26,6.95,7.64
2023-10-27,6.94,7.63
2023-10-28,6.94,7.62
2023-10-29,6.94,7.62
2023-10-30,6.93,7.61
2023-10-31,6.91,7.6
2023-11-01,6.91,7.55
2023-11-02,6.9,7.53
2023-11-03,6.91,7.53
2023-11-04,6.89,7.51
2023-11-05,6.89,7.51
2023-11-06,6.89,7.55
2023-11-07,6.86,7.56
2023-11-08,6.85,7.54
2023-11-09,6.82,7.5
2023-11-10,6.8,7.48
2023-11-11,6.73,7.37
2023-11-12,6.73,7.37
2023-11-13,6.74,7.38
2023-11-14,6.74,7.38
2023-11-15,6.74,7.38
2023-11-16,6.73,7.38
2023-11-17,6.74,7.38
2023-11-18,6.67,7.32
2023-11-19,6.67,7.32
2023-11-20,6.66,7.31
2023-11-21,6.66,7.3
2023-11-22,6.66,7.3
2023-11-23,6.66,7.3
2023-11-24,6.61,7.26
2023-11-25,6.6,7.25
2023-11-26,6.6,7.25
2023-11-27,6.61,7.26
2023-11-28,6.61,7.26
2023-11-29,6.61,7.26
2023-11-30,6.61,7.26
2023-12-01,6.61,7.26
2023-12-02,6.59,7.25
2023-12-03,6.59,7.25
2023-12-04,6.6,7.26
2023-12-05,6.6,7.25
2023-12-06,6.6,7.22
2023-12-07,6.6,7.17
2023-12-08,6.59,7.12
2023-12-09,6.54,7.05
2023-12-10,6.53,7.05
2023-12-11,6.54,7.06
2023-12-12,6.54,7.06
2023-12-13,6.54,7.06
2023-12-14,6.54,7.02
2023-12-15,6.54,7.01
2023-12-16,6.52,6.99
2023-12-17,6.52,6.99
2023-12-23,6.51,6.99
2023-12-24,6.51,6.99
2023-12-25,6.52,6.99
2023-12-26,6.52,6.99
2024-01-01,6.73,7.2
2024-01-02,6.8,7.26
2024-01-03,6.8,7.26
2024-01-04,6.74,7.19
2024-01-05,6.73,7.19
2024-01-06,6.72,7.18
2024-01-07,6.72,7.18
2024-01-08,6.72,7.18
2024-01-09,6.72,7.18
2024-01-10,6.68,7.14
2024-01-11,6.68,7.14
2024-01-12,6.68,7.14
2024-01-13,6.68,7.14
2024-01-14,6.68,7.14
2024-01-15,6.68,7.14
2024-01-16,6.68,7.14
2024-01-17,6.68,7.14
2024-01-18,6.68,7.17
2024-01-19,6.68,7.18
2024-01-20,6.68,7.18
2024-01-21,6.68,7.18
2024-01-22,6.7,7.21
2024-01-23,6.71,7.22
2024-01-24,6.74,7.22
2024-01-25,6.77,7.24
2024-01-26,6.78,7.25
2024-01-27,6.79,7.26
2024-01-28,6.79,7.26
2024-01-29,6.82,7.29
2024-01-30,6.83,7.3
2024-01-31,6.83,7.3
2024-02-01,6.83,7.3
2024-02-02,6.83,7.3
2024-02-03,6.83,7.3
2024-02-04,6.83,7.3
2024-02-05,6.83,7.3
2024-02-06,6.83,7.3
2024-02-07,6.83,7.3
2024-02-08,6.89,7.37
2024-02-09,6.92,7.39
2024-02-10,6.92,7.4
2024-02-11,6.92,7.4
2024-02-12,6.92,7.4
2024-02-13,6.92,7.4
2024-02-14,6.92,7.4
2024-02-15,6.97,7.45
2024-02-16,6.99,7.47
2024-02-17,6.99,7.47
2024-02-18,6.99,7.47
2024-02-19,7.06,7.54
2024-02-20,7.09,7.57
2024-02-21,7.1,7.58
2024-02-22,7.1,7.58
2024-02-23,7.13,7.59
2024-02-24,7.15,7.6
2024-02-25,7.15,7.6
2024-02-26,7.16,7.6
2024-02-27,7.16,7.6
2024-02-28,7.16,7.6
2024-02-29,7.18,7.6
2024-03-01,7.2,7.6
2024-03-02,7.19,7.57
2024-03-03,7.19,7.57
2024-03-04,7.19,7.57
2024-03-05,7.19,7.57
2024-03-06,7.18,7.56
2024-03-07,7.18,7.55
2024-03-08,7.18,7.53
2024-03-09,7.17,7.53
2024-03-10,7.17,7.53
2024-03-11,7.17,7.53
2024-03-12,7.12,7.48
2024-03-13,7.12,7.48
2024-03-14,7.12,7.46
2024-03-15,7.12,7.45
2024-03-16,7.12,7.45
2024-03-17,7.12,7.45
2024-03-18,7.12,7.45
2024-03-19,7.14,7.47
2024-03-20,7.15,7.48
2024-03-21,7.14,7.46
2024-03-22,7.14,7.46
2024-03-23,7.14,7.46
2024-03-24,7.14,7.46
2024-03-25,7.14,7.46
2024-03-26,7.16,7.46
2024-03-27,7.17,7.46
2024-03-28,7.17,7.45
2024-03-29,7.17,7.44
2024-03-30,7.2,7.43
2024-03-31,7.21,7.43
2024-04-01,7.21,7.43
2024-04-02,7.21,7.43
2024-04-03,7.21,7.43
2024-04-04,7.24,7.46
2024-04-05,7.28,7.5
2024-04-06,7.29,7.51
2024-04-07,7.29,7.51
2024-04-08,7.29,7.51
2024-04-09,7.32,7.54
2024-04-10,7.33,7.55
2024-04-11,7.32,7.54
2024-04-12,7.33,7.54
2024-04-13,7.35,7.54
2024-04-14,7.35,7.54
2024-04-15,7.35,7.54
2024-04-16,7.39,7.57
2024-04-17,7.42,7.58
2024-04-18,7.43,7.58
2024-04-19,7.44,7.58
2024-04-20,7.44,7.55
2024-04-21,7.44,7.54
2024-04-22,7.44,7.52
2024-04-23,7.43,7.49
2024-04-24,7.43,7.48
2024-04-25,7.43,7.47
2024-04-26,7.43,7.46
2024-04-27,7.42,7.42
2024-04-28,7.42,7.41
2024-04-29,7.42,7.41
2024-04-30,7.42,7.41
2024-05-01,7.42,7.41
2024-05-02,7.42,7.41
2024-05-03,7.42,7.36
2024-05-04,7.42,7.36
2024-05-05,7.42,7.36
2024-05-06,7.42,7.36
2024-05-07,7.42,7.36
2024-05-08,7.39,7.36
2024-05-09,7.34,7.3
2024-05-10,7.33,7.3
2024-05-11,7.33,7.3
2024-05-12,7.33,7.3
2024-05-13,7.33,7.3
2024-05-14,7.3,7.27
2024-05-15,7.28,7.25
2024-05-16,7.24,7.21
2024-05-17,7.24,7.21
2024-05-18,7.24,7.21
2024-05-19,7.24,7.21
2024-05-20,7.24,7.21
2024-05-21,7.24,7.21
2024-05-22,7.24,7.21
2024-05-23,7.21,7.21
2024-05-24,7.19,7.21
2024-05-25,7.14,7.17
2024-05-26,7.14,7.17
